2026.05.19 15:34:29 INFO  Started: Metals version 1.6.7 in folders '/Users/teodora/WP2-project' for client Visual Studio Code 1.120.0.
2026.05.19 15:34:29 INFO  Memory monitor started
2026.05.19 15:34:29 WARN  Using H2 2.4.240 which is newer than the version Flyway has been verified with. The latest verified version of H2 is 2.3.232.
2026.05.19 15:34:29 INFO  no build target found for /Users/teodora/WP2-project/src/main/java/config/WebConfig.java. Using fallback presentation compiler.
2026.05.19 15:34:29 INFO  no build target found for /Users/teodora/WP2-project/src/main/java/config/WebConfig.java. Using fallback presentation compiler.
2026.05.19 15:34:52 INFO  no build target found for /Users/teodora/WP2-project/src/main/java/config/WebConfig.java. Using fallback presentation compiler.
2026.05.19 15:35:20 INFO  no build target found for /Users/teodora/WP2-project/src/main/java/config/WebConfig.java. Using fallback presentation compiler.
2026.05.19 15:35:20 INFO  no build target found for /Users/teodora/WP2-project/src/main/java/config/WebConfig.java. Using fallback presentation compiler.
2026.05.19 15:35:20 INFO  no build target found for /Users/teodora/WP2-project/src/main/java/config/WebConfig.java. Using fallback presentation compiler.
2026.05.19 15:35:20 INFO  no build target found for /Users/teodora/WP2-project/src/main/java/config/WebConfig.java. Using fallback presentation compiler.
2026.05.19 15:35:22 INFO  no build target found for /Users/teodora/WP2-project/src/main/java/config/WebConfig.java. Using fallback presentation compiler.
2026.05.19 15:35:24 INFO  no build target found for /Users/teodora/WP2-project/src/main/java/config/WebConfig.java. Using fallback presentation compiler.
2026.05.19 15:35:27 INFO  no build target found for /Users/teodora/WP2-project/src/main/java/config/WebConfig.java. Using fallback presentation compiler.
2026.05.19 15:35:27 INFO  no build target found for /Users/teodora/WP2-project/src/main/java/config/WebConfig.java. Using fallback presentation compiler.
2026.05.19 15:36:53 INFO  no build target found for /Users/teodora/WP2-project/src/main/java/config/WebConfig.java. Using fallback presentation compiler.
2026.05.19 15:36:53 INFO  no build target found for /Users/teodora/WP2-project/src/main/java/com/wp/skillswap/config/WebConfig.java. Using fallback presentation compiler.
2026.05.19 15:36:53 INFO  no build target found for /Users/teodora/WP2-project/src/main/java/com/wp/skillswap/config/WebConfig.java. Using fallback presentation compiler.
2026.05.19 15:36:53 INFO  no build target found for /Users/teodora/WP2-project/src/main/java/com/wp/skillswap/config/WebConfig.java. Using fallback presentation compiler.
2026.05.19 15:36:53 INFO  no build target found for /Users/teodora/WP2-project/src/main/java/com/wp/skillswap/config/WebConfig.java. Using fallback presentation compiler.
2026.05.19 15:37:08 INFO  no build target found for /Users/teodora/WP2-project/src/main/java/com/wp/skillswap/config/WebConfig.java. Using fallback presentation compiler.
May 19, 2026 3:37:15 PM org.eclipse.lsp4j.jsonrpc.services.GenericEndpoint notify
INFO: Unsupported notification method: $/setTrace
2026.05.19 15:37:15 INFO  no build target found for /Users/teodora/WP2-project/src/main/java/com/wp/skillswap/config/WebConfig.java. Using fallback presentation compiler.
May 19, 2026 3:37:16 PM org.eclipse.lsp4j.jsonrpc.services.GenericEndpoint notify
INFO: Unsupported notification method: $/setTrace
2026.05.19 15:37:15 INFO  no build target found for /Users/teodora/WP2-project/src/main/java/com/wp/skillswap/config/WebConfig.java. Using fallback presentation compiler.
2026.05.19 15:41:48 INFO  no build target found for /Users/teodora/WP2-project/src/main/java/com/wp/skillswap/controller/OfferController.java. Using fallback presentation compiler.
2026.05.19 15:41:48 INFO  no build target found for /Users/teodora/WP2-project/src/main/java/com/wp/skillswap/controller/OfferController.java. Using fallback presentation compiler.
2026.05.19 15:41:48 INFO  no build target found for /Users/teodora/WP2-project/src/main/java/com/wp/skillswap/controller/OfferController.java. Using fallback presentation compiler.
2026.05.19 15:41:48 INFO  no build target found for /Users/teodora/WP2-project/src/main/java/com/wp/skillswap/controller/OfferController.java. Using fallback presentation compiler.
2026.05.19 15:41:57 INFO  no build target found for /Users/teodora/WP2-project/src/main/java/com/wp/skillswap/controller/OfferController.java. Using fallback presentation compiler.
2026.05.19 15:42:33 INFO  no build target found for /Users/teodora/WP2-project/src/main/java/com/wp/skillswap/controller/OfferController.java. Using fallback presentation compiler.
2026.05.19 15:45:32 INFO  no build target found for /Users/teodora/WP2-project/src/main/java/com/wp/skillswap/config/WebConfig.java. Using fallback presentation compiler.
2026.05.19 15:45:38 INFO  no build target found for /Users/teodora/WP2-project/src/main/config/WebConfig.java. Using fallback presentation compiler.
2026.05.19 15:45:38 WARN  no build target for: /Users/teodora/WP2-project/src/main/config/WebConfig.java
2026.05.19 15:45:38 INFO  no build target found for /Users/teodora/WP2-project/src/main/config/WebConfig.java. Using fallback presentation compiler.
2026.05.19 15:45:38 INFO  no build target found for /Users/teodora/WP2-project/src/main/config/WebConfig.java. Using fallback presentation compiler.
2026.05.19 15:45:38 INFO  no build target found for /Users/teodora/WP2-project/src/main/config/WebConfig.java. Using fallback presentation compiler.
2026.05.19 15:45:38 INFO  no build target found for /Users/teodora/WP2-project/src/main/config/WebConfig.java. Using fallback presentation compiler.
2026.05.19 15:49:07 INFO  Shutting down server
2026.05.19 15:49:07 INFO  Memory monitor stopped
2026.05.19 15:49:07 INFO  shutting down Metals
2026.05.19 15:49:07 INFO  Exiting server
2026.05.19 15:49:26 INFO  Started: Metals version 1.6.7 in folders '/Users/teodora/WP2-project' for client Visual Studio Code 1.120.0.
2026.05.19 15:49:26 INFO  Memory monitor started
2026.05.19 15:49:26 WARN  Using H2 2.4.240 which is newer than the version Flyway has been verified with. The latest verified version of H2 is 2.3.232.
2026.05.19 15:49:27 INFO  no build target found for /Users/teodora/WP2-project/src/main/config/WebConfig.java. Using fallback presentation compiler.
2026.05.19 15:49:27 INFO  no build target found for /Users/teodora/WP2-project/src/main/config/WebConfig.java. Using fallback presentation compiler.
May 19, 2026 3:49:29 PM org.eclipse.lsp4j.jsonrpc.services.GenericEndpoint notify
INFO: Unsupported notification method: $/setTrace
2026.05.19 15:49:38 WARN  no build target for: /Users/teodora/WP2-project/src/main/config/WebConfig.java
2026.05.19 15:49:38 INFO  no build target found for /Users/teodora/WP2-project/src/main/config/WebConfig.java. Using fallback presentation compiler.
2026.05.19 15:49:47 WARN  no build target for: /Users/teodora/WP2-project/src/main/java/com/wp/skillswap/SkillswapApplication.java
2026.05.19 15:49:47 INFO  no build target found for /Users/teodora/WP2-project/src/main/java/com/wp/skillswap/SkillswapApplication.java. Using fallback presentation compiler.
2026.05.19 15:49:47 INFO  no build target found for /Users/teodora/WP2-project/src/main/java/com/wp/skillswap/SkillswapApplication.java. Using fallback presentation compiler.
2026.05.19 15:49:47 INFO  no build target found for /Users/teodora/WP2-project/src/main/java/com/wp/skillswap/SkillswapApplication.java. Using fallback presentation compiler.
2026.05.19 15:49:48 INFO  no build target found for /Users/teodora/WP2-project/src/main/java/com/wp/skillswap/SkillswapApplication.java. Using fallback presentation compiler.
2026.05.19 15:56:00 INFO  no build target found for /Users/teodora/WP2-project/src/main/java/com/wp/skillswap/SkillswapApplication.java. Using fallback presentation compiler.
2026.05.19 15:56:25 INFO  no build target found for /Users/teodora/WP2-project/src/main/java/com/wp/skillswap/controller/OfferController.java. Using fallback presentation compiler.
2026.05.19 15:56:25 WARN  no build target for: /Users/teodora/WP2-project/src/main/java/com/wp/skillswap/controller/OfferController.java
2026.05.19 15:56:25 INFO  no build target found for /Users/teodora/WP2-project/src/main/java/com/wp/skillswap/controller/OfferController.java. Using fallback presentation compiler.
May 19, 2026 3:56:25 PM org.eclipse.lsp4j.jsonrpc.RemoteEndpoint handleCancellation
WARNING: Unmatched cancel notification for request id 26
2026.05.19 15:56:25 INFO  no build target found for /Users/teodora/WP2-project/src/main/java/com/wp/skillswap/controller/OfferController.java. Using fallback presentation compiler.
2026.05.19 15:56:25 INFO  no build target found for /Users/teodora/WP2-project/src/main/java/com/wp/skillswap/controller/OfferController.java. Using fallback presentation compiler.
2026.05.19 15:56:30 INFO  no build target found for /Users/teodora/WP2-project/src/main/java/com/wp/skillswap/controller/OfferController.java. Using fallback presentation compiler.
2026.05.19 15:56:30 INFO  no build target found for /Users/teodora/WP2-project/src/main/java/com/wp/skillswap/controller/OfferController.java. Using fallback presentation compiler.
2026.05.19 15:56:30 INFO  no build target found for /Users/teodora/WP2-project/src/main/java/com/wp/skillswap/controller/OfferController.java. Using fallback presentation compiler.
2026.05.19 15:56:30 INFO  no build target found for /Users/teodora/WP2-project/src/main/java/com/wp/skillswap/controller/OfferController.java. Using fallback presentation compiler.
2026.05.19 15:56:30 INFO  no build target found for /Users/teodora/WP2-project/src/main/java/com/wp/skillswap/controller/OfferController.java. Using fallback presentation compiler.
2026.05.19 15:56:31 INFO  no build target found for /Users/teodora/WP2-project/src/main/java/com/wp/skillswap/controller/OfferController.java. Using fallback presentation compiler.
2026.05.19 15:56:31 WARN  no build target for: /Users/teodora/WP2-project/src/main/java/com/wp/skillswap/controller/OfferController.java
2026.05.19 15:56:31 INFO  no build target found for /Users/teodora/WP2-project/src/main/java/com/wp/skillswap/controller/OfferController.java. Using fallback presentation compiler.
2026.05.19 15:56:48 INFO  no build target found for /Users/teodora/WP2-project/src/main/java/com/wp/skillswap/controller/OfferController.java. Using fallback presentation compiler.
2026.05.19 16:31:52 INFO  no build target found for /Users/teodora/WP2-project/src/main/java/com/wp/skillswap/controller/HomeController.java. Using fallback presentation compiler.
2026.05.19 16:31:52 WARN  no build target for: /Users/teodora/WP2-project/src/main/java/com/wp/skillswap/controller/HomeController.java
2026.05.19 16:31:52 INFO  no build target found for /Users/teodora/WP2-project/src/main/java/com/wp/skillswap/controller/HomeController.java. Using fallback presentation compiler.
2026.05.19 16:31:52 INFO  no build target found for /Users/teodora/WP2-project/src/main/java/com/wp/skillswap/controller/HomeController.java. Using fallback presentation compiler.
2026.05.19 16:31:53 INFO  no build target found for /Users/teodora/WP2-project/src/main/java/com/wp/skillswap/controller/HomeController.java. Using fallback presentation compiler.
2026.05.19 16:31:52 INFO  no build target found for /Users/teodora/WP2-project/src/main/java/com/wp/skillswap/controller/HomeController.java. Using fallback presentation compiler.
2026.05.19 16:31:54 INFO  no build target found for /Users/teodora/WP2-project/src/main/java/com/wp/skillswap/controller/HomeController.java. Using fallback presentation compiler.
2026.05.19 16:31:54 INFO  no build target found for /Users/teodora/WP2-project/src/main/java/com/wp/skillswap/controller/HomeController.java. Using fallback presentation compiler.
2026.05.19 16:31:54 INFO  no build target found for /Users/teodora/WP2-project/src/main/java/com/wp/skillswap/controller/HomeController.java. Using fallback presentation compiler.
2026.05.19 16:31:54 INFO  no build target found for /Users/teodora/WP2-project/src/main/java/com/wp/skillswap/controller/HomeController.java. Using fallback presentation compiler.
2026.05.19 16:31:54 INFO  no build target found for /Users/teodora/WP2-project/src/main/java/com/wp/skillswap/controller/HomeController.java. Using fallback presentation compiler.
2026.05.19 16:31:54 INFO  no build target found for /Users/teodora/WP2-project/src/main/java/com/wp/skillswap/controller/HomeController.java. Using fallback presentation compiler.
2026.05.19 16:31:54 WARN  no build target for: /Users/teodora/WP2-project/src/main/java/com/wp/skillswap/controller/HomeController.java
2026.05.19 16:31:54 INFO  no build target found for /Users/teodora/WP2-project/src/main/java/com/wp/skillswap/controller/HomeController.java. Using fallback presentation compiler.
2026.05.19 16:31:58 INFO  no build target found for /Users/teodora/WP2-project/src/main/java/com/wp/skillswap/controller/HomeController.java. Using fallback presentation compiler.
2026.05.19 16:52:40 INFO  no build target found for /Users/teodora/WP2-project/src/main/config/WebConfig.java. Using fallback presentation compiler.
2026.05.19 16:57:37 INFO  no build target found for /Users/teodora/WP2-project/src/main/java/com/wp/skillswap/repository/OfferRepository.java. Using fallback presentation compiler.
2026.05.19 16:57:37 WARN  no build target for: /Users/teodora/WP2-project/src/main/java/com/wp/skillswap/repository/OfferRepository.java
2026.05.19 16:57:37 INFO  no build target found for /Users/teodora/WP2-project/src/main/java/com/wp/skillswap/repository/OfferRepository.java. Using fallback presentation compiler.
2026.05.19 16:57:37 INFO  no build target found for /Users/teodora/WP2-project/src/main/java/com/wp/skillswap/repository/OfferRepository.java. Using fallback presentation compiler.
2026.05.19 16:57:37 INFO  no build target found for /Users/teodora/WP2-project/src/main/java/com/wp/skillswap/repository/OfferRepository.java. Using fallback presentation compiler.
2026.05.19 16:57:40 INFO  no build target found for /Users/teodora/WP2-project/src/main/java/com/wp/skillswap/repository/OfferRepository.java. Using fallback presentation compiler.
2026.05.19 16:57:40 INFO  no build target found for /Users/teodora/WP2-project/src/main/java/com/wp/skillswap/repository/OfferRepository.java. Using fallback presentation compiler.
2026.05.19 16:57:41 INFO  no build target found for /Users/teodora/WP2-project/src/main/java/com/wp/skillswap/repository/OfferRepository.java. Using fallback presentation compiler.
2026.05.19 16:57:41 INFO  no build target found for /Users/teodora/WP2-project/src/main/java/com/wp/skillswap/repository/OfferRepository.java. Using fallback presentation compiler.
2026.05.19 16:57:41 INFO  no build target found for /Users/teodora/WP2-project/src/main/java/com/wp/skillswap/repository/OfferRepository.java. Using fallback presentation compiler.
2026.05.19 16:57:41 INFO  no build target found for /Users/teodora/WP2-project/src/main/java/com/wp/skillswap/repository/OfferRepository.java. Using fallback presentation compiler.
2026.05.19 16:57:42 INFO  no build target found for /Users/teodora/WP2-project/src/main/java/com/wp/skillswap/repository/OfferRepository.java. Using fallback presentation compiler.
2026.05.19 16:57:42 WARN  no build target for: /Users/teodora/WP2-project/src/main/java/com/wp/skillswap/repository/OfferRepository.java
2026.05.19 16:57:42 INFO  no build target found for /Users/teodora/WP2-project/src/main/java/com/wp/skillswap/repository/OfferRepository.java. Using fallback presentation compiler.
2026.05.19 16:57:48 INFO  no build target found for /Users/teodora/WP2-project/src/main/java/com/wp/skillswap/controller/AdminController.java. Using fallback presentation compiler.
2026.05.19 16:57:48 WARN  no build target for: /Users/teodora/WP2-project/src/main/java/com/wp/skillswap/controller/AdminController.java
2026.05.19 16:57:48 INFO  no build target found for /Users/teodora/WP2-project/src/main/java/com/wp/skillswap/controller/AdminController.java. Using fallback presentation compiler.
2026.05.19 16:57:48 INFO  no build target found for /Users/teodora/WP2-project/src/main/java/com/wp/skillswap/controller/AdminController.java. Using fallback presentation compiler.
2026.05.19 16:57:48 INFO  no build target found for /Users/teodora/WP2-project/src/main/java/com/wp/skillswap/controller/AdminController.java. Using fallback presentation compiler.
2026.05.19 16:57:48 INFO  no build target found for /Users/teodora/WP2-project/src/main/java/com/wp/skillswap/controller/AdminController.java. Using fallback presentation compiler.
2026.05.19 16:57:52 INFO  no build target found for /Users/teodora/WP2-project/src/main/java/com/wp/skillswap/controller/AdminController.java. Using fallback presentation compiler.
2026.05.19 16:57:52 INFO  no build target found for /Users/teodora/WP2-project/src/main/java/com/wp/skillswap/controller/AdminController.java. Using fallback presentation compiler.
2026.05.19 16:57:52 INFO  no build target found for /Users/teodora/WP2-project/src/main/java/com/wp/skillswap/controller/AdminController.java. Using fallback presentation compiler.
2026.05.19 16:58:04 INFO  no build target found for /Users/teodora/WP2-project/src/main/java/com/wp/skillswap/controller/AdminController.java. Using fallback presentation compiler.
2026.05.19 16:58:04 INFO  no build target found for /Users/teodora/WP2-project/src/main/java/com/wp/skillswap/controller/AdminController.java. Using fallback presentation compiler.
2026.05.19 16:58:05 INFO  no build target found for /Users/teodora/WP2-project/src/main/java/com/wp/skillswap/controller/AdminController.java. Using fallback presentation compiler.
2026.05.19 16:58:09 INFO  no build target found for /Users/teodora/WP2-project/src/main/java/com/wp/skillswap/controller/AdminController.java. Using fallback presentation compiler.
2026.05.19 16:58:09 INFO  no build target found for /Users/teodora/WP2-project/src/main/java/com/wp/skillswap/controller/OfferController.java. Using fallback presentation compiler.
2026.05.19 16:58:10 WARN  no build target for: /Users/teodora/WP2-project/src/main/java/com/wp/skillswap/controller/OfferController.java
2026.05.19 16:58:10 INFO  no build target found for /Users/teodora/WP2-project/src/main/java/com/wp/skillswap/controller/OfferController.java. Using fallback presentation compiler.
2026.05.19 16:58:09 INFO  no build target found for /Users/teodora/WP2-project/src/main/java/com/wp/skillswap/controller/OfferController.java. Using fallback presentation compiler.
2026.05.19 16:58:10 INFO  no build target found for /Users/teodora/WP2-project/src/main/java/com/wp/skillswap/controller/OfferController.java. Using fallback presentation compiler.
2026.05.19 16:58:10 INFO  no build target found for /Users/teodora/WP2-project/src/main/java/com/wp/skillswap/controller/OfferController.java. Using fallback presentation compiler.
2026.05.19 16:58:10 INFO  no build target found for /Users/teodora/WP2-project/src/main/java/com/wp/skillswap/controller/OfferController.java. Using fallback presentation compiler.
2026.05.19 16:58:10 INFO  no build target found for /Users/teodora/WP2-project/src/main/java/com/wp/skillswap/controller/OfferController.java. Using fallback presentation compiler.
2026.05.19 16:58:11 INFO  no build target found for /Users/teodora/WP2-project/src/main/java/com/wp/skillswap/controller/OfferController.java. Using fallback presentation compiler.
2026.05.19 16:58:14 INFO  no build target found for /Users/teodora/WP2-project/src/main/java/com/wp/skillswap/controller/OfferController.java. Using fallback presentation compiler.
2026.05.19 16:59:21 INFO  no build target found for /Users/teodora/WP2-project/src/main/java/com/wp/skillswap/controller/OfferController.java. Using fallback presentation compiler.
2026.05.19 16:59:21 INFO  no build target found for /Users/teodora/WP2-project/src/main/java/com/wp/skillswap/controller/OfferController.java. Using fallback presentation compiler.
2026.05.19 16:59:21 INFO  no build target found for /Users/teodora/WP2-project/src/main/java/com/wp/skillswap/controller/OfferController.java. Using fallback presentation compiler.
2026.05.19 16:59:23 INFO  no build target found for /Users/teodora/WP2-project/src/main/java/com/wp/skillswap/controller/AdminController.java. Using fallback presentation compiler.
2026.05.19 16:59:23 WARN  no build target for: /Users/teodora/WP2-project/src/main/java/com/wp/skillswap/controller/AdminController.java
2026.05.19 16:59:23 INFO  no build target found for /Users/teodora/WP2-project/src/main/java/com/wp/skillswap/controller/AdminController.java. Using fallback presentation compiler.
2026.05.19 16:59:23 INFO  no build target found for /Users/teodora/WP2-project/src/main/java/com/wp/skillswap/controller/AdminController.java. Using fallback presentation compiler.
2026.05.19 16:59:23 INFO  no build target found for /Users/teodora/WP2-project/src/main/java/com/wp/skillswap/controller/AdminController.java. Using fallback presentation compiler.
2026.05.19 16:59:23 INFO  no build target found for /Users/teodora/WP2-project/src/main/java/com/wp/skillswap/controller/AdminController.java. Using fallback presentation compiler.
2026.05.19 16:59:24 INFO  no build target found for /Users/teodora/WP2-project/src/main/java/com/wp/skillswap/controller/AdminController.java. Using fallback presentation compiler.
2026.05.19 16:59:26 INFO  no build target found for /Users/teodora/WP2-project/src/main/java/com/wp/skillswap/controller/AdminController.java. Using fallback presentation compiler.
2026.05.19 16:59:47 INFO  no build target found for /Users/teodora/WP2-project/src/main/java/com/wp/skillswap/controller/OfferController.java. Using fallback presentation compiler.
2026.05.19 16:59:47 WARN  no build target for: /Users/teodora/WP2-project/src/main/java/com/wp/skillswap/controller/OfferController.java
2026.05.19 16:59:47 INFO  no build target found for /Users/teodora/WP2-project/src/main/java/com/wp/skillswap/controller/OfferController.java. Using fallback presentation compiler.
2026.05.19 16:59:47 INFO  no build target found for /Users/teodora/WP2-project/src/main/java/com/wp/skillswap/controller/OfferController.java. Using fallback presentation compiler.
2026.05.19 16:59:47 INFO  no build target found for /Users/teodora/WP2-project/src/main/java/com/wp/skillswap/controller/OfferController.java. Using fallback presentation compiler.
2026.05.19 16:59:49 INFO  no build target found for /Users/teodora/WP2-project/src/main/java/com/wp/skillswap/repository/OfferRepository.java. Using fallback presentation compiler.
2026.05.19 16:59:49 WARN  no build target for: /Users/teodora/WP2-project/src/main/java/com/wp/skillswap/repository/OfferRepository.java
2026.05.19 16:59:49 INFO  no build target found for /Users/teodora/WP2-project/src/main/java/com/wp/skillswap/repository/OfferRepository.java. Using fallback presentation compiler.
2026.05.19 16:59:49 INFO  no build target found for /Users/teodora/WP2-project/src/main/java/com/wp/skillswap/repository/OfferRepository.java. Using fallback presentation compiler.
2026.05.19 16:59:49 INFO  no build target found for /Users/teodora/WP2-project/src/main/java/com/wp/skillswap/repository/OfferRepository.java. Using fallback presentation compiler.
2026.05.19 16:59:53 INFO  no build target found for /Users/teodora/WP2-project/src/main/java/com/wp/skillswap/repository/OfferRepository.java. Using fallback presentation compiler.
2026.05.19 16:59:53 INFO  no build target found for /Users/teodora/WP2-project/src/main/java/com/wp/skillswap/repository/OfferRepository.java. Using fallback presentation compiler.
2026.05.19 16:59:53 INFO  no build target found for /Users/teodora/WP2-project/src/main/java/com/wp/skillswap/repository/OfferRepository.java. Using fallback presentation compiler.
2026.05.19 16:59:53 INFO  no build target found for /Users/teodora/WP2-project/src/main/java/com/wp/skillswap/repository/OfferRepository.java. Using fallback presentation compiler.
2026.05.19 16:59:56 WARN  no build target for: /Users/teodora/WP2-project/src/main/java/com/wp/skillswap/repository/OfferRepository.java
2026.05.19 16:59:56 INFO  no build target found for /Users/teodora/WP2-project/src/main/java/com/wp/skillswap/repository/OfferRepository.java. Using fallback presentation compiler.
2026.05.19 16:59:59 INFO  no build target found for /Users/teodora/WP2-project/src/main/java/com/wp/skillswap/repository/OfferRepository.java. Using fallback presentation compiler.
2026.05.19 16:59:59 INFO  no build target found for /Users/teodora/WP2-project/src/main/java/com/wp/skillswap/repository/OfferRepository.java. Using fallback presentation compiler.
2026.05.19 17:00:03 INFO  no build target found for /Users/teodora/WP2-project/src/main/java/com/wp/skillswap/repository/OfferRepository.java. Using fallback presentation compiler.
2026.05.19 17:00:03 INFO  no build target found for /Users/teodora/WP2-project/src/main/java/com/wp/skillswap/repository/OfferRepository.java. Using fallback presentation compiler.
2026.05.19 17:00:03 INFO  no build target found for /Users/teodora/WP2-project/src/main/java/com/wp/skillswap/repository/OfferRepository.java. Using fallback presentation compiler.
2026.05.19 17:00:03 INFO  no build target found for /Users/teodora/WP2-project/src/main/java/com/wp/skillswap/repository/OfferRepository.java. Using fallback presentation compiler.
2026.05.19 17:00:04 INFO  no build target found for /Users/teodora/WP2-project/src/main/java/com/wp/skillswap/repository/OfferRepository.java. Using fallback presentation compiler.
2026.05.19 17:00:04 INFO  no build target found for /Users/teodora/WP2-project/src/main/java/com/wp/skillswap/repository/OfferRepository.java. Using fallback presentation compiler.
2026.05.19 17:00:11 WARN  no build target for: /Users/teodora/WP2-project/src/main/java/com/wp/skillswap/repository/OfferRepository.java
2026.05.19 17:00:11 INFO  no build target found for /Users/teodora/WP2-project/src/main/java/com/wp/skillswap/repository/OfferRepository.java. Using fallback presentation compiler.
2026.05.19 17:00:16 INFO  no build target found for /Users/teodora/WP2-project/src/main/java/com/wp/skillswap/controller/AdminController.java. Using fallback presentation compiler.
2026.05.19 17:00:16 WARN  no build target for: /Users/teodora/WP2-project/src/main/java/com/wp/skillswap/controller/AdminController.java
2026.05.19 17:00:16 INFO  no build target found for /Users/teodora/WP2-project/src/main/java/com/wp/skillswap/controller/AdminController.java. Using fallback presentation compiler.
2026.05.19 17:00:16 INFO  no build target found for /Users/teodora/WP2-project/src/main/java/com/wp/skillswap/controller/AdminController.java. Using fallback presentation compiler.
2026.05.19 17:00:16 INFO  no build target found for /Users/teodora/WP2-project/src/main/java/com/wp/skillswap/controller/AdminController.java. Using fallback presentation compiler.
2026.05.19 17:00:16 INFO  no build target found for /Users/teodora/WP2-project/src/main/java/com/wp/skillswap/controller/AdminController.java. Using fallback presentation compiler.
2026.05.19 17:00:32 INFO  no build target found for /Users/teodora/WP2-project/src/main/java/com/wp/skillswap/controller/OfferController.java. Using fallback presentation compiler.
2026.05.19 17:00:32 WARN  no build target for: /Users/teodora/WP2-project/src/main/java/com/wp/skillswap/controller/OfferController.java
2026.05.19 17:00:32 INFO  no build target found for /Users/teodora/WP2-project/src/main/java/com/wp/skillswap/controller/OfferController.java. Using fallback presentation compiler.
2026.05.19 17:00:32 INFO  no build target found for /Users/teodora/WP2-project/src/main/java/com/wp/skillswap/controller/OfferController.java. Using fallback presentation compiler.
2026.05.19 17:00:32 INFO  no build target found for /Users/teodora/WP2-project/src/main/java/com/wp/skillswap/controller/OfferController.java. Using fallback presentation compiler.
2026.05.19 17:00:34 INFO  no build target found for /Users/teodora/WP2-project/src/main/java/com/wp/skillswap/controller/OfferController.java. Using fallback presentation compiler.
2026.05.19 17:00:34 INFO  no build target found for /Users/teodora/WP2-project/src/main/java/com/wp/skillswap/controller/OfferController.java. Using fallback presentation compiler.
2026.05.19 17:00:34 INFO  no build target found for /Users/teodora/WP2-project/src/main/java/com/wp/skillswap/controller/OfferController.java. Using fallback presentation compiler.
2026.05.19 17:00:34 INFO  no build target found for /Users/teodora/WP2-project/src/main/java/com/wp/skillswap/controller/OfferController.java. Using fallback presentation compiler.
2026.05.19 17:00:34 INFO  no build target found for /Users/teodora/WP2-project/src/main/java/com/wp/skillswap/controller/OfferController.java. Using fallback presentation compiler.
2026.05.19 17:00:35 INFO  no build target found for /Users/teodora/WP2-project/src/main/java/com/wp/skillswap/controller/OfferController.java. Using fallback presentation compiler.
2026.05.19 17:00:36 WARN  no build target for: /Users/teodora/WP2-project/src/main/java/com/wp/skillswap/controller/OfferController.java
2026.05.19 17:00:36 INFO  no build target found for /Users/teodora/WP2-project/src/main/java/com/wp/skillswap/controller/OfferController.java. Using fallback presentation compiler.
2026.05.19 17:01:55 INFO  no build target found for /Users/teodora/WP2-project/src/main/java/com/wp/skillswap/controller/OfferController.java. Using fallback presentation compiler.
2026.05.19 17:01:55 WARN  no build target for: /Users/teodora/WP2-project/src/main/java/com/wp/skillswap/controller/OfferController.java
2026.05.19 17:01:55 INFO  no build target found for /Users/teodora/WP2-project/src/main/java/com/wp/skillswap/controller/OfferController.java. Using fallback presentation compiler.
2026.05.19 17:01:55 INFO  no build target found for /Users/teodora/WP2-project/src/main/java/com/wp/skillswap/controller/OfferController.java. Using fallback presentation compiler.
2026.05.19 17:01:55 INFO  no build target found for /Users/teodora/WP2-project/src/main/java/com/wp/skillswap/controller/OfferController.java. Using fallback presentation compiler.
2026.05.19 17:01:56 INFO  no build target found for /Users/teodora/WP2-project/src/main/java/com/wp/skillswap/controller/OfferController.java. Using fallback presentation compiler.
2026.05.19 17:01:59 INFO  no build target found for /Users/teodora/WP2-project/src/main/java/com/wp/skillswap/repository/OfferRepository.java. Using fallback presentation compiler.
2026.05.19 17:01:59 WARN  no build target for: /Users/teodora/WP2-project/src/main/java/com/wp/skillswap/repository/OfferRepository.java
2026.05.19 17:01:59 INFO  no build target found for /Users/teodora/WP2-project/src/main/java/com/wp/skillswap/repository/OfferRepository.java. Using fallback presentation compiler.
2026.05.19 17:01:59 INFO  no build target found for /Users/teodora/WP2-project/src/main/java/com/wp/skillswap/repository/OfferRepository.java. Using fallback presentation compiler.
2026.05.19 17:01:59 INFO  no build target found for /Users/teodora/WP2-project/src/main/java/com/wp/skillswap/repository/OfferRepository.java. Using fallback presentation compiler.
2026.05.19 17:02:01 INFO  no build target found for /Users/teodora/WP2-project/src/main/java/com/wp/skillswap/repository/OfferRepository.java. Using fallback presentation compiler.
2026.05.19 17:02:01 INFO  no build target found for /Users/teodora/WP2-project/src/main/java/com/wp/skillswap/repository/OfferRepository.java. Using fallback presentation compiler.
2026.05.19 17:02:01 INFO  no build target found for /Users/teodora/WP2-project/src/main/java/com/wp/skillswap/repository/OfferRepository.java. Using fallback presentation compiler.
2026.05.19 17:02:01 INFO  no build target found for /Users/teodora/WP2-project/src/main/java/com/wp/skillswap/repository/OfferRepository.java. Using fallback presentation compiler.
2026.05.19 17:02:01 INFO  no build target found for /Users/teodora/WP2-project/src/main/java/com/wp/skillswap/repository/OfferRepository.java. Using fallback presentation compiler.
2026.05.19 17:02:01 INFO  no build target found for /Users/teodora/WP2-project/src/main/java/com/wp/skillswap/repository/OfferRepository.java. Using fallback presentation compiler.
2026.05.19 17:02:02 WARN  no build target for: /Users/teodora/WP2-project/src/main/java/com/wp/skillswap/repository/OfferRepository.java
2026.05.19 17:02:02 INFO  no build target found for /Users/teodora/WP2-project/src/main/java/com/wp/skillswap/repository/OfferRepository.java. Using fallback presentation compiler.
2026.05.19 17:06:58 INFO  no build target found for /Users/teodora/WP2-project/src/main/java/com/wp/skillswap/controller/AdminController.java. Using fallback presentation compiler.
2026.05.19 19:28:42 INFO  no build target found for /Users/teodora/WP2-project/src/main/java/com/wp/skillswap/controller/OfferController.java. Using fallback presentation compiler.
2026.05.19 19:28:42 WARN  no build target for: /Users/teodora/WP2-project/src/main/java/com/wp/skillswap/controller/OfferController.java
2026.05.19 19:28:42 INFO  no build target found for /Users/teodora/WP2-project/src/main/java/com/wp/skillswap/controller/OfferController.java. Using fallback presentation compiler.
2026.05.19 19:28:42 INFO  no build target found for /Users/teodora/WP2-project/src/main/java/com/wp/skillswap/controller/OfferController.java. Using fallback presentation compiler.
2026.05.19 19:28:42 INFO  no build target found for /Users/teodora/WP2-project/src/main/java/com/wp/skillswap/controller/OfferController.java. Using fallback presentation compiler.
2026.05.19 19:28:45 INFO  no build target found for /Users/teodora/WP2-project/src/main/java/com/wp/skillswap/controller/OfferController.java. Using fallback presentation compiler.
2026.05.19 19:28:50 INFO  no build target found for /Users/teodora/WP2-project/src/main/java/com/wp/skillswap/controller/OfferController.java. Using fallback presentation compiler.
2026.05.19 19:28:52 INFO  no build target found for /Users/teodora/WP2-project/src/main/java/com/wp/skillswap/controller/OfferController.java. Using fallback presentation compiler.
2026.05.19 19:28:53 INFO  no build target found for /Users/teodora/WP2-project/src/main/java/com/wp/skillswap/controller/OfferController.java. Using fallback presentation compiler.
2026.05.19 19:28:54 INFO  no build target found for /Users/teodora/WP2-project/src/main/java/com/wp/skillswap/controller/OfferController.java. Using fallback presentation compiler.
2026.05.19 19:28:57 INFO  no build target found for /Users/teodora/WP2-project/src/main/java/com/wp/skillswap/controller/OfferController.java. Using fallback presentation compiler.
2026.05.19 19:28:57 INFO  no build target found for /Users/teodora/WP2-project/src/main/java/com/wp/skillswap/controller/OfferController.java. Using fallback presentation compiler.
2026.05.19 19:29:13 INFO  no build target found for /Users/teodora/WP2-project/src/main/java/com/wp/skillswap/controller/OfferController.java. Using fallback presentation compiler.
2026.05.19 19:29:13 INFO  no build target found for /Users/teodora/WP2-project/src/main/java/com/wp/skillswap/controller/OfferController.java. Using fallback presentation compiler.
2026.05.19 19:29:13 INFO  no build target found for /Users/teodora/WP2-project/src/main/java/com/wp/skillswap/controller/OfferController.java. Using fallback presentation compiler.
2026.05.19 19:29:28 INFO  no build target found for /Users/teodora/WP2-project/src/main/java/com/wp/skillswap/controller/OfferController.java. Using fallback presentation compiler.
2026.05.19 19:29:34 WARN  no build target for: /Users/teodora/WP2-project/src/main/java/com/wp/skillswap/controller/OfferController.java
2026.05.19 19:29:34 INFO  no build target found for /Users/teodora/WP2-project/src/main/java/com/wp/skillswap/controller/OfferController.java. Using fallback presentation compiler.
2026.05.19 20:00:49 INFO  no build target found for /Users/teodora/WP2-project/src/main/java/com/wp/skillswap/controller/OfferController.java. Using fallback presentation compiler.
2026.05.19 20:01:20 INFO  no build target found for /Users/teodora/WP2-project/src/main/java/com/wp/skillswap/controller/OfferController.java. Using fallback presentation compiler.
2026.05.19 20:01:20 INFO  no build target found for /Users/teodora/WP2-project/src/main/java/com/wp/skillswap/controller/OfferController.java. Using fallback presentation compiler.
2026.05.19 20:01:20 INFO  no build target found for /Users/teodora/WP2-project/src/main/java/com/wp/skillswap/controller/OfferController.java. Using fallback presentation compiler.
2026.05.19 20:01:22 INFO  no build target found for /Users/teodora/WP2-project/src/main/java/com/wp/skillswap/controller/OfferController.java. Using fallback presentation compiler.
2026.05.19 20:01:25 INFO  no build target found for /Users/teodora/WP2-project/src/main/java/com/wp/skillswap/controller/OfferController.java. Using fallback presentation compiler.
2026.05.19 20:01:25 INFO  no build target found for /Users/teodora/WP2-project/src/main/java/com/wp/skillswap/controller/OfferController.java. Using fallback presentation compiler.
2026.05.19 20:01:26 INFO  no build target found for /Users/teodora/WP2-project/src/main/java/com/wp/skillswap/controller/OfferController.java. Using fallback presentation compiler.
2026.05.19 20:01:26 INFO  no build target found for /Users/teodora/WP2-project/src/main/java/com/wp/skillswap/controller/OfferController.java. Using fallback presentation compiler.
2026.05.19 20:01:26 INFO  no build target found for /Users/teodora/WP2-project/src/main/java/com/wp/skillswap/controller/OfferController.java. Using fallback presentation compiler.
2026.05.19 20:01:27 INFO  no build target found for /Users/teodora/WP2-project/src/main/java/com/wp/skillswap/controller/OfferController.java. Using fallback presentation compiler.
2026.05.19 20:01:27 INFO  no build target found for /Users/teodora/WP2-project/src/main/java/com/wp/skillswap/controller/OfferController.java. Using fallback presentation compiler.
2026.05.19 20:01:28 INFO  no build target found for /Users/teodora/WP2-project/src/main/java/com/wp/skillswap/controller/OfferController.java. Using fallback presentation compiler.
2026.05.19 20:01:36 INFO  no build target found for /Users/teodora/WP2-project/src/main/java/com/wp/skillswap/controller/OfferController.java. Using fallback presentation compiler.
2026.05.19 20:01:36 INFO  no build target found for /Users/teodora/WP2-project/src/main/java/com/wp/skillswap/controller/OfferController.java. Using fallback presentation compiler.
2026.05.19 20:01:36 INFO  no build target found for /Users/teodora/WP2-project/src/main/java/com/wp/skillswap/controller/OfferController.java. Using fallback presentation compiler.
2026.05.19 20:01:36 INFO  no build target found for /Users/teodora/WP2-project/src/main/java/com/wp/skillswap/controller/OfferController.java. Using fallback presentation compiler.
2026.05.19 20:01:37 WARN  no build target for: /Users/teodora/WP2-project/src/main/java/com/wp/skillswap/controller/OfferController.java
2026.05.19 20:01:37 INFO  no build target found for /Users/teodora/WP2-project/src/main/java/com/wp/skillswap/controller/OfferController.java. Using fallback presentation compiler.
2026.05.19 23:05:51 INFO  no build target found for /Users/teodora/WP2-project/src/main/java/com/wp/skillswap/controller/OfferController.java. Using fallback presentation compiler.
2026.05.19 23:05:51 WARN  no build target for: /Users/teodora/WP2-project/src/main/java/com/wp/skillswap/controller/OfferController.java
May 19, 2026 11:05:51 PM org.eclipse.lsp4j.jsonrpc.RemoteEndpoint handleCancellation
WARNING: Unmatched cancel notification for request id 404
2026.05.19 23:05:51 INFO  no build target found for /Users/teodora/WP2-project/src/main/java/com/wp/skillswap/controller/OfferController.java. Using fallback presentation compiler.
2026.05.19 23:05:51 INFO  no build target found for /Users/teodora/WP2-project/src/main/java/com/wp/skillswap/controller/OfferController.java. Using fallback presentation compiler.
2026.05.19 23:05:51 INFO  no build target found for /Users/teodora/WP2-project/src/main/java/com/wp/skillswap/controller/OfferController.java. Using fallback presentation compiler.
2026.05.19 23:05:57 INFO  no build target found for /Users/teodora/WP2-project/src/main/java/com/wp/skillswap/controller/OfferController.java. Using fallback presentation compiler.
2026.05.19 23:05:57 INFO  no build target found for /Users/teodora/WP2-project/src/main/java/com/wp/skillswap/controller/OfferController.java. Using fallback presentation compiler.
2026.05.19 23:05:57 INFO  no build target found for /Users/teodora/WP2-project/src/main/java/com/wp/skillswap/controller/OfferController.java. Using fallback presentation compiler.
2026.05.19 23:05:58 INFO  no build target found for /Users/teodora/WP2-project/src/main/java/com/wp/skillswap/controller/OfferController.java. Using fallback presentation compiler.
2026.05.19 23:05:59 INFO  no build target found for /Users/teodora/WP2-project/src/main/java/com/wp/skillswap/controller/OfferController.java. Using fallback presentation compiler.
2026.05.19 23:05:59 INFO  no build target found for /Users/teodora/WP2-project/src/main/java/com/wp/skillswap/controller/OfferController.java. Using fallback presentation compiler.
2026.05.19 23:06:07 INFO  no build target found for /Users/teodora/WP2-project/src/main/java/com/wp/skillswap/controller/OfferController.java. Using fallback presentation compiler.
2026.05.19 23:06:07 INFO  no build target found for /Users/teodora/WP2-project/src/main/java/com/wp/skillswap/controller/OfferController.java. Using fallback presentation compiler.
2026.05.19 23:06:08 INFO  no build target found for /Users/teodora/WP2-project/src/main/java/com/wp/skillswap/controller/OfferController.java. Using fallback presentation compiler.
2026.05.19 23:06:08 WARN  no build target for: /Users/teodora/WP2-project/src/main/java/com/wp/skillswap/controller/OfferController.java
2026.05.19 23:06:08 INFO  no build target found for /Users/teodora/WP2-project/src/main/java/com/wp/skillswap/controller/OfferController.java. Using fallback presentation compiler.
2026.05.20 00:30:12 INFO  no build target found for /Users/teodora/WP2-project/src/main/java/com/wp/skillswap/model/Offer.java. Using fallback presentation compiler.
2026.05.20 00:30:12 WARN  no build target for: /Users/teodora/WP2-project/src/main/java/com/wp/skillswap/model/Offer.java
2026.05.20 00:30:12 INFO  no build target found for /Users/teodora/WP2-project/src/main/java/com/wp/skillswap/model/Offer.java. Using fallback presentation compiler.
May 20, 2026 12:30:12 AM org.eclipse.lsp4j.jsonrpc.RemoteEndpoint handleCancellation
WARNING: Unmatched cancel notification for request id 466
2026.05.20 00:30:12 INFO  no build target found for /Users/teodora/WP2-project/src/main/java/com/wp/skillswap/model/Offer.java. Using fallback presentation compiler.
2026.05.20 00:30:12 INFO  no build target found for /Users/teodora/WP2-project/src/main/java/com/wp/skillswap/model/Offer.java. Using fallback presentation compiler.
2026.05.20 00:30:18 INFO  no build target found for /Users/teodora/WP2-project/src/main/java/com/wp/skillswap/model/Offer.java. Using fallback presentation compiler.
2026.05.20 00:30:18 INFO  no build target found for /Users/teodora/WP2-project/src/main/java/com/wp/skillswap/model/Offer.java. Using fallback presentation compiler.
2026.05.20 00:30:18 INFO  no build target found for /Users/teodora/WP2-project/src/main/java/com/wp/skillswap/model/Offer.java. Using fallback presentation compiler.
2026.05.20 00:30:18 INFO  no build target found for /Users/teodora/WP2-project/src/main/java/com/wp/skillswap/model/Offer.java. Using fallback presentation compiler.
2026.05.20 00:30:19 INFO  no build target found for /Users/teodora/WP2-project/src/main/java/com/wp/skillswap/model/Offer.java. Using fallback presentation compiler.
2026.05.20 00:30:19 INFO  no build target found for /Users/teodora/WP2-project/src/main/java/com/wp/skillswap/model/Offer.java. Using fallback presentation compiler.
2026.05.20 00:30:24 INFO  no build target found for /Users/teodora/WP2-project/src/main/java/com/wp/skillswap/model/Offer.java. Using fallback presentation compiler.
2026.05.20 00:55:19 INFO  no build target found for /Users/teodora/WP2-project/src/main/java/com/wp/skillswap/model/Offer.java. Using fallback presentation compiler.
2026.05.20 00:55:19 INFO  no build target found for /Users/teodora/WP2-project/src/main/java/com/wp/skillswap/security/SecurityConfig.java. Using fallback presentation compiler.
2026.05.20 00:55:19 WARN  no build target for: /Users/teodora/WP2-project/src/main/java/com/wp/skillswap/security/SecurityConfig.java
May 20, 2026 12:55:20 AM org.eclipse.lsp4j.jsonrpc.RemoteEndpoint handleCancellation
WARNING: Unmatched cancel notification for request id 493
2026.05.20 00:55:20 INFO  no build target found for /Users/teodora/WP2-project/src/main/java/com/wp/skillswap/security/SecurityConfig.java. Using fallback presentation compiler.
2026.05.20 00:55:19 INFO  no build target found for /Users/teodora/WP2-project/src/main/java/com/wp/skillswap/security/SecurityConfig.java. Using fallback presentation compiler.
May 20, 2026 12:55:20 AM org.eclipse.lsp4j.jsonrpc.RemoteEndpoint handleCancellation
WARNING: Unmatched cancel notification for request id 496
2026.05.20 00:55:20 INFO  no build target found for /Users/teodora/WP2-project/src/main/java/com/wp/skillswap/security/SecurityConfig.java. Using fallback presentation compiler.
2026.05.20 00:55:42 INFO  no build target found for /Users/teodora/WP2-project/src/main/java/com/wp/skillswap/security/SecurityConfig.java. Using fallback presentation compiler.
2026.05.20 00:56:05 INFO  no build target found for /Users/teodora/WP2-project/src/main/java/com/wp/skillswap/security/SecurityConfig.java. Using fallback presentation compiler.
2026.05.20 00:56:06 INFO  no build target found for /Users/teodora/WP2-project/src/main/java/com/wp/skillswap/security/SecurityConfig.java. Using fallback presentation compiler.
2026.05.20 00:56:06 INFO  no build target found for /Users/teodora/WP2-project/src/main/java/com/wp/skillswap/security/SecurityConfig.java. Using fallback presentation compiler.
2026.05.20 00:56:07 INFO  no build target found for /Users/teodora/WP2-project/src/main/java/com/wp/skillswap/security/SecurityConfig.java. Using fallback presentation compiler.
2026.05.20 00:56:08 INFO  no build target found for /Users/teodora/WP2-project/src/main/java/com/wp/skillswap/security/SecurityConfig.java. Using fallback presentation compiler.
2026.05.20 00:56:08 INFO  no build target found for /Users/teodora/WP2-project/src/main/java/com/wp/skillswap/security/SecurityConfig.java. Using fallback presentation compiler.
2026.05.20 00:56:08 INFO  no build target found for /Users/teodora/WP2-project/src/main/java/com/wp/skillswap/security/SecurityConfig.java. Using fallback presentation compiler.
2026.05.20 00:56:15 INFO  no build target found for /Users/teodora/WP2-project/src/main/java/com/wp/skillswap/security/SecurityConfig.java. Using fallback presentation compiler.
2026.05.20 00:56:15 INFO  no build target found for /Users/teodora/WP2-project/src/main/java/com/wp/skillswap/security/SecurityConfig.java. Using fallback presentation compiler.
2026.05.20 00:56:15 INFO  no build target found for /Users/teodora/WP2-project/src/main/java/com/wp/skillswap/security/SecurityConfig.java. Using fallback presentation compiler.
2026.05.20 00:56:16 INFO  no build target found for /Users/teodora/WP2-project/src/main/java/com/wp/skillswap/security/SecurityConfig.java. Using fallback presentation compiler.
2026.05.20 00:56:16 INFO  no build target found for /Users/teodora/WP2-project/src/main/java/com/wp/skillswap/security/SecurityConfig.java. Using fallback presentation compiler.
2026.05.20 00:56:18 INFO  no build target found for /Users/teodora/WP2-project/src/main/java/com/wp/skillswap/security/SecurityConfig.java. Using fallback presentation compiler.
2026.05.20 00:56:18 INFO  no build target found for /Users/teodora/WP2-project/src/main/java/com/wp/skillswap/security/SecurityConfig.java. Using fallback presentation compiler.
2026.05.20 00:56:18 INFO  no build target found for /Users/teodora/WP2-project/src/main/java/com/wp/skillswap/security/SecurityConfig.java. Using fallback presentation compiler.
2026.05.20 00:56:18 INFO  no build target found for /Users/teodora/WP2-project/src/main/java/com/wp/skillswap/security/SecurityConfig.java. Using fallback presentation compiler.
2026.05.20 00:56:19 INFO  no build target found for /Users/teodora/WP2-project/src/main/java/com/wp/skillswap/security/SecurityConfig.java. Using fallback presentation compiler.
2026.05.20 00:56:19 INFO  no build target found for /Users/teodora/WP2-project/src/main/java/com/wp/skillswap/security/SecurityConfig.java. Using fallback presentation compiler.
2026.05.20 00:56:20 INFO  no build target found for /Users/teodora/WP2-project/src/main/java/com/wp/skillswap/security/SecurityConfig.java. Using fallback presentation compiler.
2026.05.20 00:56:20 INFO  no build target found for /Users/teodora/WP2-project/src/main/java/com/wp/skillswap/security/SecurityConfig.java. Using fallback presentation compiler.
2026.05.20 00:56:20 INFO  no build target found for /Users/teodora/WP2-project/src/main/java/com/wp/skillswap/security/SecurityConfig.java. Using fallback presentation compiler.
2026.05.20 00:56:20 INFO  no build target found for /Users/teodora/WP2-project/src/main/java/com/wp/skillswap/security/SecurityConfig.java. Using fallback presentation compiler.
2026.05.20 00:56:21 INFO  no build target found for /Users/teodora/WP2-project/src/main/java/com/wp/skillswap/security/SecurityConfig.java. Using fallback presentation compiler.
2026.05.20 00:56:20 INFO  no build target found for /Users/teodora/WP2-project/src/main/java/com/wp/skillswap/security/SecurityConfig.java. Using fallback presentation compiler.
2026.05.20 00:56:21 INFO  no build target found for /Users/teodora/WP2-project/src/main/java/com/wp/skillswap/security/SecurityConfig.java. Using fallback presentation compiler.
2026.05.20 00:56:21 INFO  no build target found for /Users/teodora/WP2-project/src/main/java/com/wp/skillswap/security/SecurityConfig.java. Using fallback presentation compiler.
2026.05.20 00:56:22 INFO  no build target found for /Users/teodora/WP2-project/src/main/java/com/wp/skillswap/security/SecurityConfig.java. Using fallback presentation compiler.
2026.05.20 00:56:21 INFO  no build target found for /Users/teodora/WP2-project/src/main/java/com/wp/skillswap/security/SecurityConfig.java. Using fallback presentation compiler.
2026.05.20 00:56:21 INFO  no build target found for /Users/teodora/WP2-project/src/main/java/com/wp/skillswap/security/SecurityConfig.java. Using fallback presentation compiler.
2026.05.20 00:56:22 INFO  no build target found for /Users/teodora/WP2-project/src/main/java/com/wp/skillswap/security/SecurityConfig.java. Using fallback presentation compiler.
2026.05.20 00:56:23 INFO  no build target found for /Users/teodora/WP2-project/src/main/java/com/wp/skillswap/security/SecurityConfig.java. Using fallback presentation compiler.
2026.05.20 00:56:23 INFO  no build target found for /Users/teodora/WP2-project/src/main/java/com/wp/skillswap/security/SecurityConfig.java. Using fallback presentation compiler.
2026.05.20 00:56:23 INFO  no build target found for /Users/teodora/WP2-project/src/main/java/com/wp/skillswap/security/SecurityConfig.java. Using fallback presentation compiler.
2026.05.20 00:56:23 INFO  no build target found for /Users/teodora/WP2-project/src/main/java/com/wp/skillswap/security/SecurityConfig.java. Using fallback presentation compiler.
2026.05.20 00:56:24 INFO  no build target found for /Users/teodora/WP2-project/src/main/java/com/wp/skillswap/security/SecurityConfig.java. Using fallback presentation compiler.
2026.05.20 00:56:23 INFO  no build target found for /Users/teodora/WP2-project/src/main/java/com/wp/skillswap/security/SecurityConfig.java. Using fallback presentation compiler.
2026.05.20 00:56:23 INFO  no build target found for /Users/teodora/WP2-project/src/main/java/com/wp/skillswap/security/SecurityConfig.java. Using fallback presentation compiler.
2026.05.20 00:56:24 INFO  no build target found for /Users/teodora/WP2-project/src/main/java/com/wp/skillswap/security/SecurityConfig.java. Using fallback presentation compiler.
2026.05.20 00:56:24 INFO  no build target found for /Users/teodora/WP2-project/src/main/java/com/wp/skillswap/security/SecurityConfig.java. Using fallback presentation compiler.
2026.05.20 00:56:24 INFO  no build target found for /Users/teodora/WP2-project/src/main/java/com/wp/skillswap/security/SecurityConfig.java. Using fallback presentation compiler.
2026.05.20 00:56:24 INFO  no build target found for /Users/teodora/WP2-project/src/main/java/com/wp/skillswap/security/SecurityConfig.java. Using fallback presentation compiler.
2026.05.20 00:56:26 WARN  no build target for: /Users/teodora/WP2-project/src/main/java/com/wp/skillswap/security/SecurityConfig.java
2026.05.20 00:56:26 INFO  no build target found for /Users/teodora/WP2-project/src/main/java/com/wp/skillswap/security/SecurityConfig.java. Using fallback presentation compiler.
2026.05.20 01:26:30 INFO  no build target found for /Users/teodora/WP2-project/src/main/java/com/wp/skillswap/controller/OfferController.java. Using fallback presentation compiler.
2026.05.20 01:26:30 WARN  no build target for: /Users/teodora/WP2-project/src/main/java/com/wp/skillswap/controller/OfferController.java
2026.05.20 01:26:30 INFO  no build target found for /Users/teodora/WP2-project/src/main/java/com/wp/skillswap/controller/OfferController.java. Using fallback presentation compiler.
2026.05.20 01:26:30 INFO  no build target found for /Users/teodora/WP2-project/src/main/java/com/wp/skillswap/controller/OfferController.java. Using fallback presentation compiler.
2026.05.20 01:26:30 INFO  no build target found for /Users/teodora/WP2-project/src/main/java/com/wp/skillswap/controller/OfferController.java. Using fallback presentation compiler.
2026.05.20 01:26:32 INFO  no build target found for /Users/teodora/WP2-project/src/main/java/com/wp/skillswap/controller/OfferController.java. Using fallback presentation compiler.
2026.05.20 18:53:01 INFO  Started: Metals version 1.6.7 in folders 'C:\Users\Alexandra Rus\Desktop\PEOIECT-WP-F\WP2-project' for client Visual Studio Code 1.120.0.
2026.05.20 18:53:01 INFO  Memory monitor started
2026.05.20 18:53:07 WARN  Using H2 2.4.240 which is newer than the version Flyway has been verified with. The latest verified version of H2 is 2.3.232.
2026.05.20 18:53:07 INFO  no build target found for C:\Users\Alexandra Rus\Desktop\PEOIECT-WP-F\WP2-project\src\main\java\com\wp\skillswap\controller\LessonRequestController.java. Using fallback presentation compiler.
2026.05.20 18:53:15 INFO  no build target found for C:\Users\Alexandra Rus\Desktop\PEOIECT-WP-F\WP2-project\src\main\java\com\wp\skillswap\controller\LessonRequestController.java. Using fallback presentation compiler.
2026.05.20 18:53:15 INFO  no build target found for C:\Users\Alexandra Rus\Desktop\PEOIECT-WP-F\WP2-project\src\main\java\com\wp\skillswap\controller\LessonRequestController.java. Using fallback presentation compiler.
May 20, 2026 6:53:16 PM org.eclipse.lsp4j.jsonrpc.RemoteEndpoint handleCancellation
WARNING: Unmatched cancel notification for request id 8
2026.05.21 01:18:55 INFO  Started: Metals version 1.6.7 in folders '/Users/teodora/WP2-project' for client Visual Studio Code 1.120.0.
2026.05.21 01:18:55 INFO  Memory monitor started
2026.05.21 01:18:59 ERROR org.h2.jdbc.JdbcSQLNonTransientConnectionException: File corrupted while reading record: "/Users/teodora/WP2-project/.metals/metals.mv.db". Possible solution: use the recovery tool [90030-240]
	at org.h2.message.DbException.getJdbcSQLException(DbException.java:690)
	at org.h2.message.DbException.getJdbcSQLException(DbException.java:489)
	at org.h2.message.DbException.get(DbException.java:212)
	at org.h2.mvstore.db.Store.convertMVStoreException(Store.java:163)
	at org.h2.mvstore.db.Store.<init>(Store.java:142)
	at org.h2.engine.Database.<init>(Database.java:328)
	at org.h2.engine.Engine.openSession(Engine.java:92)
	at org.h2.engine.Engine.openSession(Engine.java:222)
	at org.h2.engine.Engine.createSession(Engine.java:201)
	at org.h2.engine.SessionRemote.connectEmbeddedOrServer(SessionRemote.java:350)
	at org.h2.jdbc.JdbcConnection.<init>(JdbcConnection.java:124)
	at org.h2.Driver.connect(Driver.java:59)
	at java.sql.DriverManager.getConnection(DriverManager.java:613)
	at java.sql.DriverManager.getConnection(DriverManager.java:199)
	at scala.meta.internal.metals.H2ConnectionProvider.upgradeIfNeeded(H2ConnectionProvider.scala:132)
	at scala.meta.internal.metals.H2ConnectionProvider.persistentConnection(H2ConnectionProvider.scala:108)
	at scala.meta.internal.metals.H2ConnectionProvider.tryAutoServer(H2ConnectionProvider.scala:62)
	at scala.meta.internal.metals.H2ConnectionProvider.connect(H2ConnectionProvider.scala:44)
	at scala.meta.internal.metals.H2ConnectionProvider.connection(H2ConnectionProvider.scala:34)
	at scala.meta.internal.metals.Tables.$anonfun$dependencySources$1(Tables.scala:23)
	at scala.meta.internal.metals.DependencySources.getBuildTarget(DependencySources.scala:25)
	at scala.meta.internal.metals.BuildTargets.$anonfun$inverseSources$2(BuildTargets.scala:288)
	at scala.Option.flatMap(Option.scala:283)
	at scala.meta.internal.metals.BuildTargets.inverseSources(BuildTargets.scala:288)
	at scala.meta.internal.metals.ModuleStatus.refresh(ModuleStatus.scala:45)
	at scala.meta.internal.metals.WorkspaceLspService.setFocusedDocument(WorkspaceLspService.scala:217)
	at scala.meta.internal.metals.WorkspaceLspService.didOpen(WorkspaceLspService.scala:467)
	at scala.meta.metals.lsp.DelegatingScalaService.didOpen(DelegatingScalaService.scala:38)
	at jdk.internal.reflect.DirectMethodHandleAccessor.invoke(DirectMethodHandleAccessor.java:104)
	at java.lang.reflect.Method.invoke(Method.java:565)
	at org.eclipse.lsp4j.jsonrpc.services.GenericEndpoint.lambda$recursiveFindRpcMethods$0(GenericEndpoint.java:65)
	at org.eclipse.lsp4j.jsonrpc.services.GenericEndpoint.notify(GenericEndpoint.java:160)
	at org.eclipse.lsp4j.jsonrpc.RemoteEndpoint.handleNotification(RemoteEndpoint.java:225)
	at org.eclipse.lsp4j.jsonrpc.RemoteEndpoint.consume(RemoteEndpoint.java:192)
	at org.eclipse.lsp4j.jsonrpc.json.StreamMessageProducer.handleMessage(StreamMessageProducer.java:189)
	at org.eclipse.lsp4j.jsonrpc.json.StreamMessageProducer.listen(StreamMessageProducer.java:97)
	at org.eclipse.lsp4j.jsonrpc.json.ConcurrentMessageProcessor.run(ConcurrentMessageProcessor.java:97)
	at java.util.concurrent.Executors$RunnableAdapter.call(Executors.java:545)
	at java.util.concurrent.FutureTask.run(FutureTask.java:328)
	at java.util.concurrent.ThreadPoolExecutor.runWorker(ThreadPoolExecutor.java:1090)
	at java.util.concurrent.ThreadPoolExecutor$Worker.run(ThreadPoolExecutor.java:614)
	at java.lang.Thread.run(Thread.java:1474)
Caused by: org.h2.mvstore.MVStoreException: File is corrupted - unable to recover a valid set of chunks [2.4.240/6]
	at org.h2.mvstore.DataUtils.newMVStoreException(DataUtils.java:996)
	at org.h2.mvstore.RandomAccessStore.readStoreHeader(RandomAccessStore.java:320)
	at org.h2.mvstore.FileStore.start(FileStore.java:919)
	at org.h2.mvstore.MVStore.<init>(MVStore.java:294)
	at org.h2.mvstore.MVStore$Builder.open(MVStore.java:2164)
	at org.h2.mvstore.db.Store.<init>(Store.java:133)
	at org.h2.engine.Database.<init>(Database.java:328)
	at org.h2.engine.Engine.openSession(Engine.java:92)
	at org.h2.engine.Engine.openSession(Engine.java:222)
	at org.h2.engine.Engine.createSession(Engine.java:201)
	at org.h2.engine.SessionRemote.connectEmbeddedOrServer(SessionRemote.java:350)
	at org.h2.jdbc.JdbcConnection.<init>(JdbcConnection.java:124)
	at org.h2.Driver.connect(Driver.java:59)
	at java.sql.DriverManager.getConnection(DriverManager.java:613)
	at java.sql.DriverManager.getConnection(DriverManager.java:199)
	at scala.meta.internal.metals.H2ConnectionProvider.upgradeIfNeeded(H2ConnectionProvider.scala:132)
	at scala.meta.internal.metals.H2ConnectionProvider.persistentConnection(H2ConnectionProvider.scala:108)
	at scala.meta.internal.metals.H2ConnectionProvider.tryAutoServer(H2ConnectionProvider.scala:62)
	at scala.meta.internal.metals.H2ConnectionProvider.connect(H2ConnectionProvider.scala:44)
	at scala.meta.internal.metals.H2ConnectionProvider.connection(H2ConnectionProvider.scala:34)
	at scala.meta.internal.metals.Tables.$anonfun$dependencySources$1(Tables.scala:23)
	at scala.meta.internal.metals.DependencySources.getBuildTarget(DependencySources.scala:25)
	at scala.meta.internal.metals.BuildTargets.$anonfun$inverseSources$2(BuildTargets.scala:288)
	at scala.Option.flatMap(Option.scala:283)
	at scala.meta.internal.metals.BuildTargets.inverseSources(BuildTargets.scala:288)
	at scala.meta.internal.metals.ModuleStatus.refresh(ModuleStatus.scala:45)
	at scala.meta.internal.metals.WorkspaceLspService.setFocusedDocument(WorkspaceLspService.scala:217)
	at scala.meta.internal.metals.WorkspaceLspService.didOpen(WorkspaceLspService.scala:467)
	at scala.meta.metals.lsp.DelegatingScalaService.didOpen(DelegatingScalaService.scala:38)
	at jdk.internal.reflect.DirectMethodHandleAccessor.invoke(DirectMethodHandleAccessor.java:104)
	at java.lang.reflect.Method.invoke(Method.java:565)
	at org.eclipse.lsp4j.jsonrpc.services.GenericEndpoint.lambda$recursiveFindRpcMethods$0(GenericEndpoint.java:65)
	at org.eclipse.lsp4j.jsonrpc.services.GenericEndpoint.notify(GenericEndpoint.java:160)
	at org.eclipse.lsp4j.jsonrpc.RemoteEndpoint.handleNotification(RemoteEndpoint.java:225)
	at org.eclipse.lsp4j.jsonrpc.RemoteEndpoint.consume(RemoteEndpoint.java:192)
	at org.eclipse.lsp4j.jsonrpc.json.StreamMessageProducer.handleMessage(StreamMessageProducer.java:189)
	at org.eclipse.lsp4j.jsonrpc.json.StreamMessageProducer.listen(StreamMessageProducer.java:97)
	at org.eclipse.lsp4j.jsonrpc.json.ConcurrentMessageProcessor.run(ConcurrentMessageProcessor.java:97)
	at java.util.concurrent.Executors$RunnableAdapter.call(Executors.java:545)
	at java.util.concurrent.FutureTask.run(FutureTask.java:328)
	at java.util.concurrent.ThreadPoolExecutor.runWorker(ThreadPoolExecutor.java:1090)
	at java.util.concurrent.ThreadPoolExecutor$Worker.run(ThreadPoolExecutor.java:614)
	at java.lang.Thread.run(Thread.java:1474)

2026.05.21 01:18:59 ERROR unable to setup persistent H2 database with AUTO_SERVER=false, falling back to in-memory database. This means you may be redundantly asked to execute 'Import build', even if it's not needed. Also, code navigation will not work for existing files in the .metals/readonly/ directory. To fix this problem, make sure you only have one running Metals server in the directory '/Users/teodora/WP2-project'.
org.h2.jdbc.JdbcSQLNonTransientConnectionException: File corrupted while reading record: "/Users/teodora/WP2-project/.metals/metals.mv.db". Possible solution: use the recovery tool [90030-240]
	at org.h2.message.DbException.getJdbcSQLException(DbException.java:690)
	at org.h2.message.DbException.getJdbcSQLException(DbException.java:489)
	at org.h2.message.DbException.get(DbException.java:212)
	at org.h2.mvstore.db.Store.convertMVStoreException(Store.java:163)
	at org.h2.mvstore.db.Store.<init>(Store.java:142)
	at org.h2.engine.Database.<init>(Database.java:328)
	at org.h2.engine.Engine.openSession(Engine.java:92)
	at org.h2.engine.Engine.openSession(Engine.java:222)
	at org.h2.engine.Engine.createSession(Engine.java:201)
	at org.h2.engine.SessionRemote.connectEmbeddedOrServer(SessionRemote.java:350)
	at org.h2.jdbc.JdbcConnection.<init>(JdbcConnection.java:124)
	at org.h2.Driver.connect(Driver.java:59)
	at java.sql.DriverManager.getConnection(DriverManager.java:613)
	at java.sql.DriverManager.getConnection(DriverManager.java:199)
	at scala.meta.internal.metals.H2ConnectionProvider.upgradeIfNeeded(H2ConnectionProvider.scala:132)
	at scala.meta.internal.metals.H2ConnectionProvider.persistentConnection(H2ConnectionProvider.scala:108)
	at scala.meta.internal.metals.Tables.tryNoAutoServer(Tables.scala:37)
	at scala.meta.internal.metals.H2ConnectionProvider.tryAutoServer(H2ConnectionProvider.scala:73)
	at scala.meta.internal.metals.H2ConnectionProvider.connect(H2ConnectionProvider.scala:44)
	at scala.meta.internal.metals.H2ConnectionProvider.connection(H2ConnectionProvider.scala:34)
	at scala.meta.internal.metals.Tables.$anonfun$dependencySources$1(Tables.scala:23)
	at scala.meta.internal.metals.DependencySources.getBuildTarget(DependencySources.scala:25)
	at scala.meta.internal.metals.BuildTargets.$anonfun$inverseSources$2(BuildTargets.scala:288)
	at scala.Option.flatMap(Option.scala:283)
	at scala.meta.internal.metals.BuildTargets.inverseSources(BuildTargets.scala:288)
	at scala.meta.internal.metals.ModuleStatus.refresh(ModuleStatus.scala:45)
	at scala.meta.internal.metals.WorkspaceLspService.setFocusedDocument(WorkspaceLspService.scala:217)
	at scala.meta.internal.metals.WorkspaceLspService.didOpen(WorkspaceLspService.scala:467)
	at scala.meta.metals.lsp.DelegatingScalaService.didOpen(DelegatingScalaService.scala:38)
	at jdk.internal.reflect.DirectMethodHandleAccessor.invoke(DirectMethodHandleAccessor.java:104)
	at java.lang.reflect.Method.invoke(Method.java:565)
	at org.eclipse.lsp4j.jsonrpc.services.GenericEndpoint.lambda$recursiveFindRpcMethods$0(GenericEndpoint.java:65)
	at org.eclipse.lsp4j.jsonrpc.services.GenericEndpoint.notify(GenericEndpoint.java:160)
	at org.eclipse.lsp4j.jsonrpc.RemoteEndpoint.handleNotification(RemoteEndpoint.java:225)
	at org.eclipse.lsp4j.jsonrpc.RemoteEndpoint.consume(RemoteEndpoint.java:192)
	at org.eclipse.lsp4j.jsonrpc.json.StreamMessageProducer.handleMessage(StreamMessageProducer.java:189)
	at org.eclipse.lsp4j.jsonrpc.json.StreamMessageProducer.listen(StreamMessageProducer.java:97)
	at org.eclipse.lsp4j.jsonrpc.json.ConcurrentMessageProcessor.run(ConcurrentMessageProcessor.java:97)
	at java.util.concurrent.Executors$RunnableAdapter.call(Executors.java:545)
	at java.util.concurrent.FutureTask.run(FutureTask.java:328)
	at java.util.concurrent.ThreadPoolExecutor.runWorker(ThreadPoolExecutor.java:1090)
	at java.util.concurrent.ThreadPoolExecutor$Worker.run(ThreadPoolExecutor.java:614)
	at java.lang.Thread.run(Thread.java:1474)
Caused by: org.h2.mvstore.MVStoreException: File is corrupted - unable to recover a valid set of chunks [2.4.240/6]
	at org.h2.mvstore.DataUtils.newMVStoreException(DataUtils.java:996)
	at org.h2.mvstore.RandomAccessStore.readStoreHeader(RandomAccessStore.java:320)
	at org.h2.mvstore.FileStore.start(FileStore.java:919)
	at org.h2.mvstore.MVStore.<init>(MVStore.java:294)
	at org.h2.mvstore.MVStore$Builder.open(MVStore.java:2164)
	at org.h2.mvstore.db.Store.<init>(Store.java:133)
	at org.h2.engine.Database.<init>(Database.java:328)
	at org.h2.engine.Engine.openSession(Engine.java:92)
	at org.h2.engine.Engine.openSession(Engine.java:222)
	at org.h2.engine.Engine.createSession(Engine.java:201)
	at org.h2.engine.SessionRemote.connectEmbeddedOrServer(SessionRemote.java:350)
	at org.h2.jdbc.JdbcConnection.<init>(JdbcConnection.java:124)
	at org.h2.Driver.connect(Driver.java:59)
	at java.sql.DriverManager.getConnection(DriverManager.java:613)
	at java.sql.DriverManager.getConnection(DriverManager.java:199)
	at scala.meta.internal.metals.H2ConnectionProvider.upgradeIfNeeded(H2ConnectionProvider.scala:132)
	at scala.meta.internal.metals.H2ConnectionProvider.persistentConnection(H2ConnectionProvider.scala:108)
	at scala.meta.internal.metals.Tables.tryNoAutoServer(Tables.scala:37)
	at scala.meta.internal.metals.H2ConnectionProvider.tryAutoServer(H2ConnectionProvider.scala:73)
	at scala.meta.internal.metals.H2ConnectionProvider.connect(H2ConnectionProvider.scala:44)
	at scala.meta.internal.metals.H2ConnectionProvider.connection(H2ConnectionProvider.scala:34)
	at scala.meta.internal.metals.Tables.$anonfun$dependencySources$1(Tables.scala:23)
	at scala.meta.internal.metals.DependencySources.getBuildTarget(DependencySources.scala:25)
	at scala.meta.internal.metals.BuildTargets.$anonfun$inverseSources$2(BuildTargets.scala:288)
	at scala.Option.flatMap(Option.scala:283)
	at scala.meta.internal.metals.BuildTargets.inverseSources(BuildTargets.scala:288)
	at scala.meta.internal.metals.ModuleStatus.refresh(ModuleStatus.scala:45)
	at scala.meta.internal.metals.WorkspaceLspService.setFocusedDocument(WorkspaceLspService.scala:217)
	at scala.meta.internal.metals.WorkspaceLspService.didOpen(WorkspaceLspService.scala:467)
	at scala.meta.metals.lsp.DelegatingScalaService.didOpen(DelegatingScalaService.scala:38)
	at jdk.internal.reflect.DirectMethodHandleAccessor.invoke(DirectMethodHandleAccessor.java:104)
	at java.lang.reflect.Method.invoke(Method.java:565)
	at org.eclipse.lsp4j.jsonrpc.services.GenericEndpoint.lambda$recursiveFindRpcMethods$0(GenericEndpoint.java:65)
	at org.eclipse.lsp4j.jsonrpc.services.GenericEndpoint.notify(GenericEndpoint.java:160)
	at org.eclipse.lsp4j.jsonrpc.RemoteEndpoint.handleNotification(RemoteEndpoint.java:225)
	at org.eclipse.lsp4j.jsonrpc.RemoteEndpoint.consume(RemoteEndpoint.java:192)
	at org.eclipse.lsp4j.jsonrpc.json.StreamMessageProducer.handleMessage(StreamMessageProducer.java:189)
	at org.eclipse.lsp4j.jsonrpc.json.StreamMessageProducer.listen(StreamMessageProducer.java:97)
	at org.eclipse.lsp4j.jsonrpc.json.ConcurrentMessageProcessor.run(ConcurrentMessageProcessor.java:97)
	at java.util.concurrent.Executors$RunnableAdapter.call(Executors.java:545)
	at java.util.concurrent.FutureTask.run(FutureTask.java:328)
	at java.util.concurrent.ThreadPoolExecutor.runWorker(ThreadPoolExecutor.java:1090)
	at java.util.concurrent.ThreadPoolExecutor$Worker.run(ThreadPoolExecutor.java:614)
	at java.lang.Thread.run(Thread.java:1474)

2026.05.21 01:18:59 WARN  Using H2 2.4.240 which is newer than the version Flyway has been verified with. The latest verified version of H2 is 2.3.232.
2026.05.21 01:18:59 INFO  no build target found for /Users/teodora/WP2-project/src/main/java/com/wp/skillswap/SkillswapApplication.java. Using fallback presentation compiler.
2026.05.21 01:18:59 INFO  no build target found for /Users/teodora/WP2-project/src/main/java/com/wp/skillswap/SkillswapApplication.java. Using fallback presentation compiler.
2026.05.21 01:18:59 INFO  Attempting to connect to the build server...
2026.05.21 01:18:59 INFO  Found a Bloop server running
2026.05.21 01:18:59 INFO  tracing is disabled for protocol BSP, to enable tracing of incoming and outgoing JSON messages create an empty file at /Users/teodora/WP2-project/.metals/bsp.trace.json or /Users/teodora/Library/Caches/org.scalameta.metals/bsp.trace.json
2026.05.21 01:18:59 ERROR /Users/teodora/Library/Caches/ScalaCli/bloop/C:\Program Files\Java\jdk-21 release file missing JAVA_VERSION property - using Bloop's JVM version 25.0.2
2026.05.21 01:18:59 ERROR /Users/teodora/Library/Caches/ScalaCli/bloop/C:\Program Files\Java\jdk-21 release file missing JAVA_VERSION property - using Bloop's JVM version 25.0.2
2026.05.21 01:19:00 INFO  time: Connected to build server in 0.66s
2026.05.21 01:18:59 INFO  Connected to Build server: Bloop v2.0.19
2026.05.21 01:19:01 WARN  Using H2 2.4.240 which is newer than the version Flyway has been verified with. The latest verified version of H2 is 2.3.232.
2026.05.21 01:19:01 WARN  unexpected dependency with absolute path: /Users/teodora/Library/Caches/ScalaCli/bloop/C:\Users\Alexandra Rus\.m2\repository\org\skyscreamer\jsonassert\1.5.3\jsonassert-1.5.3-sources.jar
2026.05.21 01:19:01 WARN  unexpected dependency with absolute path: /Users/teodora/Library/Caches/ScalaCli/bloop/C:\Users\Alexandra Rus\.m2\repository\org\ow2\asm\asm\9.7.1\asm-9.7.1-sources.jar
2026.05.21 01:19:01 WARN  unexpected dependency with absolute path: /Users/teodora/Library/Caches/ScalaCli/bloop/C:\Users\Alexandra Rus\.m2\repository\org\apache\logging\log4j\log4j-to-slf4j\2.25.3\log4j-to-slf4j-2.25.3-sources.jar
2026.05.21 01:19:01 WARN  unexpected dependency with absolute path: /Users/teodora/Library/Caches/ScalaCli/bloop/C:\Users\Alexandra Rus\.m2\repository\org\springframework\boot\spring-boot-starter-test\4.0.3\spring-boot-starter-test-4.0.3-sources.jar
2026.05.21 01:19:01 WARN  unexpected dependency with absolute path: /Users/teodora/Library/Caches/ScalaCli/bloop/C:\Users\Alexandra Rus\.m2\repository\org\springframework\boot\spring-boot-jackson\4.0.3\spring-boot-jackson-4.0.3-sources.jar
2026.05.21 01:19:01 WARN  unexpected dependency with absolute path: /Users/teodora/Library/Caches/ScalaCli/bloop/C:\Users\Alexandra Rus\.m2\repository\org\springframework\security\spring-security-web\7.0.3\spring-security-web-7.0.3-sources.jar
2026.05.21 01:19:01 WARN  unexpected dependency with absolute path: /Users/teodora/Library/Caches/ScalaCli/bloop/C:\Users\Alexandra Rus\.m2\repository\io\micrometer\micrometer-commons\1.16.3\micrometer-commons-1.16.3-sources.jar
2026.05.21 01:19:01 WARN  unexpected dependency with absolute path: /Users/teodora/Library/Caches/ScalaCli/bloop/C:\Users\Alexandra Rus\.m2\repository\org\jboss\logging\jboss-logging\3.6.2.Final\jboss-logging-3.6.2.Final-sources.jar
2026.05.21 01:19:01 WARN  unexpected dependency with absolute path: /Users/teodora/Library/Caches/ScalaCli/bloop/C:\Users\Alexandra Rus\.m2\repository\org\springframework\boot\spring-boot-webmvc\4.0.3\spring-boot-webmvc-4.0.3-sources.jar
2026.05.21 01:19:01 WARN  unexpected dependency with absolute path: /Users/teodora/Library/Caches/ScalaCli/bloop/C:\Users\Alexandra Rus\.m2\repository\org\hamcrest\hamcrest\3.0\hamcrest-3.0-sources.jar
2026.05.21 01:19:01 WARN  unexpected dependency with absolute path: /Users/teodora/Library/Caches/ScalaCli/bloop/C:\Users\Alexandra Rus\.m2\repository\net\minidev\accessors-smart\2.6.0\accessors-smart-2.6.0-sources.jar
2026.05.21 01:19:01 WARN  unexpected dependency with absolute path: /Users/teodora/Library/Caches/ScalaCli/bloop/C:\Users\Alexandra Rus\.m2\repository\org\apache\tomcat\embed\tomcat-embed-core\11.0.18\tomcat-embed-core-11.0.18-sources.jar
2026.05.21 01:19:01 WARN  unexpected dependency with absolute path: /Users/teodora/Library/Caches/ScalaCli/bloop/C:\Users\Alexandra Rus\.m2\repository\org\junit\jupiter\junit-jupiter\6.0.3\junit-jupiter-6.0.3-sources.jar
2026.05.21 01:19:01 WARN  unexpected dependency with absolute path: /Users/teodora/Library/Caches/ScalaCli/bloop/C:\Users\Alexandra Rus\.m2\repository\org\glassfish\jaxb\txw2\4.0.6\txw2-4.0.6-sources.jar
2026.05.21 01:19:01 WARN  unexpected dependency with absolute path: /Users/teodora/Library/Caches/ScalaCli/bloop/C:\Users\Alexandra Rus\.m2\repository\org\springframework\boot\spring-boot-transaction\4.0.3\spring-boot-transaction-4.0.3-sources.jar
2026.05.21 01:19:01 WARN  unexpected dependency with absolute path: /Users/teodora/Library/Caches/ScalaCli/bloop/C:\Users\Alexandra Rus\.m2\repository\org\springframework\spring-tx\7.0.5\spring-tx-7.0.5-sources.jar
2026.05.21 01:19:01 WARN  unexpected dependency with absolute path: /Users/teodora/Library/Caches/ScalaCli/bloop/C:\Users\Alexandra Rus\.m2\repository\org\springframework\boot\spring-boot-starter-validation\4.0.3\spring-boot-starter-validation-4.0.3-sources.jar
2026.05.21 01:19:01 WARN  unexpected dependency with absolute path: /Users/teodora/Library/Caches/ScalaCli/bloop/C:\Users\Alexandra Rus\.m2\repository\jakarta\annotation\jakarta.annotation-api\3.0.0\jakarta.annotation-api-3.0.0-sources.jar
2026.05.21 01:19:01 WARN  unexpected dependency with absolute path: /Users/teodora/Library/Caches/ScalaCli/bloop/C:\Users\Alexandra Rus\.m2\repository\org\apache\tomcat\embed\tomcat-embed-websocket\11.0.18\tomcat-embed-websocket-11.0.18-sources.jar
2026.05.21 01:19:01 WARN  unexpected dependency with absolute path: /Users/teodora/Library/Caches/ScalaCli/bloop/C:\Users\Alexandra Rus\.m2\repository\org\mockito\mockito-junit-jupiter\5.20.0\mockito-junit-jupiter-5.20.0-sources.jar
2026.05.21 01:19:01 WARN  unexpected dependency with absolute path: /Users/teodora/Library/Caches/ScalaCli/bloop/C:\Users\Alexandra Rus\.m2\repository\org\springframework\boot\spring-boot-test\4.0.3\spring-boot-test-4.0.3-sources.jar
2026.05.21 01:19:01 WARN  unexpected dependency with absolute path: /Users/teodora/Library/Caches/ScalaCli/bloop/C:\Users\Alexandra Rus\.m2\repository\org\springframework\spring-webmvc\7.0.5\spring-webmvc-7.0.5-sources.jar
2026.05.21 01:19:01 WARN  unexpected dependency with absolute path: /Users/teodora/Library/Caches/ScalaCli/bloop/C:\Users\Alexandra Rus\.m2\repository\org\springframework\boot\spring-boot-starter-thymeleaf\4.0.3\spring-boot-starter-thymeleaf-4.0.3-sources.jar
2026.05.21 01:19:01 WARN  unexpected dependency with absolute path: /Users/teodora/Library/Caches/ScalaCli/bloop/C:\Users\Alexandra Rus\.m2\repository\org\springframework\boot\spring-boot-tomcat\4.0.3\spring-boot-tomcat-4.0.3-sources.jar
2026.05.21 01:19:01 WARN  unexpected dependency with absolute path: /Users/teodora/Library/Caches/ScalaCli/bloop/C:\Users\Alexandra Rus\.m2\repository\org\springframework\boot\spring-boot-devtools\4.0.3\spring-boot-devtools-4.0.3-sources.jar
2026.05.21 01:19:01 WARN  unexpected dependency with absolute path: /Users/teodora/Library/Caches/ScalaCli/bloop/C:\Users\Alexandra Rus\.m2\repository\org\attoparser\attoparser\2.0.7.RELEASE\attoparser-2.0.7.RELEASE-sources.jar
2026.05.21 01:19:01 WARN  unexpected dependency with absolute path: /Users/teodora/Library/Caches/ScalaCli/bloop/C:\Users\Alexandra Rus\.m2\repository\org\junit\jupiter\junit-jupiter-engine\6.0.3\junit-jupiter-engine-6.0.3-sources.jar
2026.05.21 01:19:01 WARN  unexpected dependency with absolute path: /Users/teodora/Library/Caches/ScalaCli/bloop/C:\Users\Alexandra Rus\.m2\repository\org\springframework\spring-context\7.0.5\spring-context-7.0.5-sources.jar
2026.05.21 01:19:01 WARN  unexpected dependency with absolute path: /Users/teodora/Library/Caches/ScalaCli/bloop/C:\Users\Alexandra Rus\.m2\repository\org\springframework\boot\spring-boot-test-autoconfigure\4.0.3\spring-boot-test-autoconfigure-4.0.3-sources.jar
2026.05.21 01:19:01 WARN  unexpected dependency with absolute path: /Users/teodora/Library/Caches/ScalaCli/bloop/C:\Users\Alexandra Rus\.m2\repository\org\jspecify\jspecify\1.0.0\jspecify-1.0.0-sources.jar
2026.05.21 01:19:01 WARN  unexpected dependency with absolute path: /Users/teodora/Library/Caches/ScalaCli/bloop/C:\Users\Alexandra Rus\.m2\repository\org\postgresql\postgresql\42.7.10\postgresql-42.7.10-sources.jar
2026.05.21 01:19:01 WARN  unexpected dependency with absolute path: /Users/teodora/Library/Caches/ScalaCli/bloop/C:\Users\Alexandra Rus\.m2\repository\org\springframework\boot\spring-boot-webmvc-test\4.0.3\spring-boot-webmvc-test-4.0.3-sources.jar
2026.05.21 01:19:01 WARN  unexpected dependency with absolute path: /Users/teodora/Library/Caches/ScalaCli/bloop/C:\Users\Alexandra Rus\.m2\repository\org\slf4j\jul-to-slf4j\2.0.17\jul-to-slf4j-2.0.17-sources.jar
2026.05.21 01:19:01 WARN  unexpected dependency with absolute path: /Users/teodora/Library/Caches/ScalaCli/bloop/C:\Users\Alexandra Rus\.m2\repository\org\junit\platform\junit-platform-engine\6.0.3\junit-platform-engine-6.0.3-sources.jar
2026.05.21 01:19:01 WARN  unexpected dependency with absolute path: /Users/teodora/Library/Caches/ScalaCli/bloop/C:\Users\Alexandra Rus\.m2\repository\org\springframework\security\spring-security-core\7.0.3\spring-security-core-7.0.3-sources.jar
2026.05.21 01:19:01 WARN  unexpected dependency with absolute path: /Users/teodora/Library/Caches/ScalaCli/bloop/C:\Users\Alexandra Rus\.m2\repository\org\springframework\boot\spring-boot-resttestclient\4.0.3\spring-boot-resttestclient-4.0.3-sources.jar
2026.05.21 01:19:01 WARN  unexpected dependency with absolute path: /Users/teodora/Library/Caches/ScalaCli/bloop/C:\Users\Alexandra Rus\.m2\repository\org\apiguardian\apiguardian-api\1.1.2\apiguardian-api-1.1.2-sources.jar
2026.05.21 01:19:01 WARN  unexpected dependency with absolute path: /Users/teodora/Library/Caches/ScalaCli/bloop/C:\Users\Alexandra Rus\.m2\repository\org\springframework\spring-aspects\7.0.5\spring-aspects-7.0.5-sources.jar
2026.05.21 01:19:01 WARN  unexpected dependency with absolute path: /Users/teodora/Library/Caches/ScalaCli/bloop/C:\Users\Alexandra Rus\.m2\repository\ch\qos\logback\logback-classic\1.5.32\logback-classic-1.5.32-sources.jar
2026.05.21 01:19:01 WARN  unexpected dependency with absolute path: /Users/teodora/Library/Caches/ScalaCli/bloop/C:\Users\Alexandra Rus\.m2\repository\org\springframework\spring-expression\7.0.5\spring-expression-7.0.5-sources.jar
2026.05.21 01:19:01 WARN  unexpected dependency with absolute path: /Users/teodora/Library/Caches/ScalaCli/bloop/C:\Users\Alexandra Rus\.m2\repository\org\hibernate\models\hibernate-models\1.0.1\hibernate-models-1.0.1-sources.jar
2026.05.21 01:19:01 WARN  unexpected dependency with absolute path: /Users/teodora/Library/Caches/ScalaCli/bloop/C:\Users\Alexandra Rus\.m2\repository\org\springframework\boot\spring-boot-security\4.0.3\spring-boot-security-4.0.3-sources.jar
2026.05.21 01:19:01 WARN  unexpected dependency with absolute path: /Users/teodora/Library/Caches/ScalaCli/bloop/C:\Users\Alexandra Rus\.m2\repository\org\springframework\boot\spring-boot-starter-jackson-test\4.0.3\spring-boot-starter-jackson-test-4.0.3-sources.jar
2026.05.21 01:19:01 WARN  unexpected dependency with absolute path: /Users/teodora/Library/Caches/ScalaCli/bloop/C:\Users\Alexandra Rus\.m2\repository\org\springframework\boot\spring-boot-data-commons\4.0.3\spring-boot-data-commons-4.0.3-sources.jar
2026.05.21 01:19:01 WARN  unexpected dependency with absolute path: /Users/teodora/Library/Caches/ScalaCli/bloop/C:\Users\Alexandra Rus\.m2\repository\org\springframework\spring-test\7.0.5\spring-test-7.0.5-sources.jar
2026.05.21 01:19:01 WARN  unexpected dependency with absolute path: /Users/teodora/Library/Caches/ScalaCli/bloop/C:\Users\Alexandra Rus\.m2\repository\tools\jackson\core\jackson-databind\3.0.4\jackson-databind-3.0.4-sources.jar
2026.05.21 01:19:01 WARN  unexpected dependency with absolute path: /Users/teodora/Library/Caches/ScalaCli/bloop/C:\Users\Alexandra Rus\.m2\repository\com\fasterxml\classmate\1.7.3\classmate-1.7.3-sources.jar
2026.05.21 01:19:01 WARN  unexpected dependency with absolute path: /Users/teodora/Library/Caches/ScalaCli/bloop/C:\Users\Alexandra Rus\.m2\repository\org\junit\jupiter\junit-jupiter-params\6.0.3\junit-jupiter-params-6.0.3-sources.jar
2026.05.21 01:19:01 WARN  unexpected dependency with absolute path: /Users/teodora/Library/Caches/ScalaCli/bloop/C:\Users\Alexandra Rus\.m2\repository\org\springframework\spring-aop\7.0.5\spring-aop-7.0.5-sources.jar
2026.05.21 01:19:01 WARN  unexpected dependency with absolute path: /Users/teodora/Library/Caches/ScalaCli/bloop/C:\Users\Alexandra Rus\.m2\repository\org\springframework\boot\spring-boot-starter-security\4.0.3\spring-boot-starter-security-4.0.3-sources.jar
2026.05.21 01:19:01 WARN  unexpected dependency with absolute path: /Users/teodora/Library/Caches/ScalaCli/bloop/C:\Users\Alexandra Rus\.m2\repository\jakarta\xml\bind\jakarta.xml.bind-api\4.0.4\jakarta.xml.bind-api-4.0.4-sources.jar
2026.05.21 01:19:01 WARN  unexpected dependency with absolute path: /Users/teodora/Library/Caches/ScalaCli/bloop/C:\Users\Alexandra Rus\.m2\repository\jakarta\persistence\jakarta.persistence-api\3.2.0\jakarta.persistence-api-3.2.0-sources.jar
2026.05.21 01:19:01 WARN  unexpected dependency with absolute path: /Users/teodora/Library/Caches/ScalaCli/bloop/C:\Users\Alexandra Rus\.m2\repository\net\bytebuddy\byte-buddy\1.17.8\byte-buddy-1.17.8-sources.jar
2026.05.21 01:19:01 WARN  unexpected dependency with absolute path: /Users/teodora/Library/Caches/ScalaCli/bloop/C:\Users\Alexandra Rus\.m2\repository\io\micrometer\micrometer-observation\1.16.3\micrometer-observation-1.16.3-sources.jar
2026.05.21 01:19:01 WARN  unexpected dependency with absolute path: /Users/teodora/Library/Caches/ScalaCli/bloop/C:\Users\Alexandra Rus\.m2\repository\org\projectlombok\lombok\1.18.42\lombok-1.18.42-sources.jar
2026.05.21 01:19:01 WARN  unexpected dependency with absolute path: /Users/teodora/Library/Caches/ScalaCli/bloop/C:\Users\Alexandra Rus\.m2\repository\org\glassfish\jaxb\jaxb-core\4.0.6\jaxb-core-4.0.6-sources.jar
2026.05.21 01:19:01 WARN  unexpected dependency with absolute path: /Users/teodora/Library/Caches/ScalaCli/bloop/C:\Users\Alexandra Rus\.m2\repository\org\springframework\boot\spring-boot-starter-jackson\4.0.3\spring-boot-starter-jackson-4.0.3-sources.jar
2026.05.21 01:19:01 WARN  unexpected dependency with absolute path: /Users/teodora/Library/Caches/ScalaCli/bloop/C:\Users\Alexandra Rus\.m2\repository\org\eclipse\angus\angus-activation\2.0.3\angus-activation-2.0.3-sources.jar
2026.05.21 01:19:01 WARN  unexpected dependency with absolute path: /Users/teodora/Library/Caches/ScalaCli/bloop/C:\Users\Alexandra Rus\.m2\repository\org\springframework\spring-core\7.0.5\spring-core-7.0.5-sources.jar
2026.05.21 01:19:01 WARN  unexpected dependency with absolute path: /Users/teodora/Library/Caches/ScalaCli/bloop/C:\Users\Alexandra Rus\.m2\repository\org\apache\logging\log4j\log4j-api\2.25.3\log4j-api-2.25.3-sources.jar
2026.05.21 01:19:01 WARN  unexpected dependency with absolute path: /Users/teodora/Library/Caches/ScalaCli/bloop/C:\Users\Alexandra Rus\.m2\repository\org\springframework\security\spring-security-crypto\7.0.3\spring-security-crypto-7.0.3-sources.jar
2026.05.21 01:19:01 WARN  unexpected dependency with absolute path: /Users/teodora/Library/Caches/ScalaCli/bloop/C:\Users\Alexandra Rus\.m2\repository\org\springframework\data\spring-data-commons\4.0.3\spring-data-commons-4.0.3-sources.jar
2026.05.21 01:19:01 WARN  unexpected dependency with absolute path: /Users/teodora/Library/Caches/ScalaCli/bloop/C:\Users\Alexandra Rus\.m2\repository\org\springframework\boot\spring-boot-sql\4.0.3\spring-boot-sql-4.0.3-sources.jar
2026.05.21 01:19:01 WARN  unexpected dependency with absolute path: /Users/teodora/Library/Caches/ScalaCli/bloop/C:\Users\Alexandra Rus\.m2\repository\org\springframework\boot\spring-boot-web-server\4.0.3\spring-boot-web-server-4.0.3-sources.jar
2026.05.21 01:19:01 WARN  unexpected dependency with absolute path: /Users/teodora/Library/Caches/ScalaCli/bloop/C:\Users\Alexandra Rus\.m2\repository\org\junit\jupiter\junit-jupiter-api\6.0.3\junit-jupiter-api-6.0.3-sources.jar
2026.05.21 01:19:01 WARN  unexpected dependency with absolute path: /Users/teodora/Library/Caches/ScalaCli/bloop/C:\Users\Alexandra Rus\.m2\repository\org\springframework\boot\spring-boot-thymeleaf\4.0.3\spring-boot-thymeleaf-4.0.3-sources.jar
2026.05.21 01:19:01 WARN  unexpected dependency with absolute path: /Users/teodora/Library/Caches/ScalaCli/bloop/C:\Users\Alexandra Rus\.m2\repository\jakarta\inject\jakarta.inject-api\2.0.1\jakarta.inject-api-2.0.1-sources.jar
2026.05.21 01:19:01 WARN  unexpected dependency with absolute path: /Users/teodora/Library/Caches/ScalaCli/bloop/C:\Users\Alexandra Rus\.m2\repository\jakarta\activation\jakarta.activation-api\2.1.4\jakarta.activation-api-2.1.4-sources.jar
2026.05.21 01:19:01 WARN  unexpected dependency with absolute path: /Users/teodora/Library/Caches/ScalaCli/bloop/C:\Users\Alexandra Rus\.m2\repository\org\junit\platform\junit-platform-commons\6.0.3\junit-platform-commons-6.0.3-sources.jar
2026.05.21 01:19:01 WARN  unexpected dependency with absolute path: /Users/teodora/Library/Caches/ScalaCli/bloop/C:\Users\Alexandra Rus\.m2\repository\com\jayway\jsonpath\json-path\2.10.0\json-path-2.10.0-sources.jar
2026.05.21 01:19:01 WARN  unexpected dependency with absolute path: /Users/teodora/Library/Caches/ScalaCli/bloop/C:\Users\Alexandra Rus\.m2\repository\com\fasterxml\jackson\core\jackson-annotations\2.20\jackson-annotations-2.20-sources.jar
2026.05.21 01:19:01 WARN  unexpected dependency with absolute path: /Users/teodora/Library/Caches/ScalaCli/bloop/C:\Users\Alexandra Rus\.m2\repository\jakarta\transaction\jakarta.transaction-api\2.0.1\jakarta.transaction-api-2.0.1-sources.jar
2026.05.21 01:19:01 WARN  unexpected dependency with absolute path: /Users/teodora/Library/Caches/ScalaCli/bloop/C:\Users\Alexandra Rus\.m2\repository\org\glassfish\jaxb\jaxb-runtime\4.0.6\jaxb-runtime-4.0.6-sources.jar
2026.05.21 01:19:01 WARN  unexpected dependency with absolute path: /Users/teodora/Library/Caches/ScalaCli/bloop/C:\Users\Alexandra Rus\.m2\repository\org\springframework\boot\spring-boot-starter\4.0.3\spring-boot-starter-4.0.3-sources.jar
2026.05.21 01:19:01 WARN  unexpected dependency with absolute path: /Users/teodora/Library/Caches/ScalaCli/bloop/C:\Users\Alexandra Rus\.m2\repository\org\springframework\boot\spring-boot-starter-tomcat-runtime\4.0.3\spring-boot-starter-tomcat-runtime-4.0.3-sources.jar
2026.05.21 01:19:01 WARN  unexpected dependency with absolute path: /Users/teodora/Library/Caches/ScalaCli/bloop/C:\Users\Alexandra Rus\.m2\repository\org\unbescape\unbescape\1.1.6.RELEASE\unbescape-1.1.6.RELEASE-sources.jar
2026.05.21 01:19:01 WARN  unexpected dependency with absolute path: /Users/teodora/Library/Caches/ScalaCli/bloop/C:\Users\Alexandra Rus\.m2\repository\org\springframework\boot\spring-boot-data-jpa\4.0.3\spring-boot-data-jpa-4.0.3-sources.jar
2026.05.21 01:19:01 WARN  unexpected dependency with absolute path: /Users/teodora/Library/Caches/ScalaCli/bloop/C:\Users\Alexandra Rus\.m2\repository\org\springframework\data\spring-data-jpa\4.0.3\spring-data-jpa-4.0.3-sources.jar
2026.05.21 01:19:01 WARN  unexpected dependency with absolute path: /Users/teodora/Library/Caches/ScalaCli/bloop/C:\Users\Alexandra Rus\.m2\repository\org\apache\tomcat\embed\tomcat-embed-el\11.0.18\tomcat-embed-el-11.0.18-sources.jar
2026.05.21 01:19:01 WARN  unexpected dependency with absolute path: /Users/teodora/Library/Caches/ScalaCli/bloop/C:\Users\Alexandra Rus\.m2\repository\org\springframework\boot\spring-boot-starter-jdbc\4.0.3\spring-boot-starter-jdbc-4.0.3-sources.jar
2026.05.21 01:19:01 WARN  unexpected dependency with absolute path: /Users/teodora/Library/Caches/ScalaCli/bloop/C:\Users\Alexandra Rus\.m2\repository\com\vaadin\external\google\android-json\0.0.20131108.vaadin1\android-json-0.0.20131108.vaadin1-sources.jar
2026.05.21 01:19:01 WARN  unexpected dependency with absolute path: /Users/teodora/Library/Caches/ScalaCli/bloop/C:\Users\Alexandra Rus\.m2\repository\com\zaxxer\HikariCP\7.0.2\HikariCP-7.0.2-sources.jar
2026.05.21 01:19:01 WARN  unexpected dependency with absolute path: /Users/teodora/Library/Caches/ScalaCli/bloop/C:\Users\Alexandra Rus\.m2\repository\org\hibernate\validator\hibernate-validator\9.0.1.Final\hibernate-validator-9.0.1.Final-sources.jar
2026.05.21 01:19:01 WARN  unexpected dependency with absolute path: /Users/teodora/Library/Caches/ScalaCli/bloop/C:\Users\Alexandra Rus\.m2\repository\org\opentest4j\opentest4j\1.3.0\opentest4j-1.3.0-sources.jar
2026.05.21 01:19:01 WARN  unexpected dependency with absolute path: /Users/teodora/Library/Caches/ScalaCli/bloop/C:\Users\Alexandra Rus\.m2\repository\org\springframework\boot\spring-boot-starter-thymeleaf-test\4.0.3\spring-boot-starter-thymeleaf-test-4.0.3-sources.jar
2026.05.21 01:19:01 WARN  unexpected dependency with absolute path: /Users/teodora/Library/Caches/ScalaCli/bloop/C:\Users\Alexandra Rus\.m2\repository\org\slf4j\slf4j-api\2.0.17\slf4j-api-2.0.17-sources.jar
2026.05.21 01:19:01 WARN  unexpected dependency with absolute path: /Users/teodora/Library/Caches/ScalaCli/bloop/C:\Users\Alexandra Rus\.m2\repository\org\checkerframework\checker-qual\3.52.0\checker-qual-3.52.0-sources.jar
2026.05.21 01:19:01 WARN  unexpected dependency with absolute path: /Users/teodora/Library/Caches/ScalaCli/bloop/C:\Users\Alexandra Rus\.m2\repository\org\springframework\boot\spring-boot-starter-webmvc-test\4.0.3\spring-boot-starter-webmvc-test-4.0.3-sources.jar
2026.05.21 01:19:01 WARN  unexpected dependency with absolute path: /Users/teodora/Library/Caches/ScalaCli/bloop/C:\Users\Alexandra Rus\.m2\repository\org\springframework\spring-web\7.0.5\spring-web-7.0.5-sources.jar
2026.05.21 01:19:01 WARN  unexpected dependency with absolute path: /Users/teodora/Library/Caches/ScalaCli/bloop/C:\Users\Alexandra Rus\.m2\repository\org\springframework\boot\spring-boot-starter-data-jpa\4.0.3\spring-boot-starter-data-jpa-4.0.3-sources.jar
2026.05.21 01:19:01 WARN  unexpected dependency with absolute path: /Users/teodora/Library/Caches/ScalaCli/bloop/C:\Users\Alexandra Rus\.m2\repository\org\springframework\boot\spring-boot\4.0.3\spring-boot-4.0.3-sources.jar
2026.05.21 01:19:01 WARN  unexpected dependency with absolute path: /Users/teodora/Library/Caches/ScalaCli/bloop/C:\Users\Alexandra Rus\.m2\repository\net\bytebuddy\byte-buddy-agent\1.17.8\byte-buddy-agent-1.17.8-sources.jar
2026.05.21 01:19:01 WARN  unexpected dependency with absolute path: /Users/teodora/Library/Caches/ScalaCli/bloop/C:\Users\Alexandra Rus\.m2\repository\org\springframework\spring-orm\7.0.5\spring-orm-7.0.5-sources.jar
2026.05.21 01:19:01 WARN  unexpected dependency with absolute path: /Users/teodora/Library/Caches/ScalaCli/bloop/C:\Users\Alexandra Rus\.m2\repository\org\springframework\boot\spring-boot-starter-logging\4.0.3\spring-boot-starter-logging-4.0.3-sources.jar
2026.05.21 01:19:01 WARN  unexpected dependency with absolute path: /Users/teodora/Library/Caches/ScalaCli/bloop/C:\Users\Alexandra Rus\.m2\repository\org\springframework\boot\spring-boot-hibernate\4.0.3\spring-boot-hibernate-4.0.3-sources.jar
2026.05.21 01:19:01 WARN  unexpected dependency with absolute path: /Users/teodora/Library/Caches/ScalaCli/bloop/C:\Users\Alexandra Rus\.m2\repository\org\springframework\boot\spring-boot-starter-webmvc\4.0.3\spring-boot-starter-webmvc-4.0.3-sources.jar
2026.05.21 01:19:01 WARN  unexpected dependency with absolute path: /Users/teodora/Library/Caches/ScalaCli/bloop/C:\Users\Alexandra Rus\.m2\repository\org\springframework\spring-jdbc\7.0.5\spring-jdbc-7.0.5-sources.jar
2026.05.21 01:19:01 WARN  unexpected dependency with absolute path: /Users/teodora/Library/Caches/ScalaCli/bloop/C:\Users\Alexandra Rus\.m2\repository\org\mockito\mockito-core\5.20.0\mockito-core-5.20.0-sources.jar
2026.05.21 01:19:01 WARN  unexpected dependency with absolute path: /Users/teodora/Library/Caches/ScalaCli/bloop/C:\Users\Alexandra Rus\.m2\repository\org\springframework\boot\spring-boot-jdbc\4.0.3\spring-boot-jdbc-4.0.3-sources.jar
2026.05.21 01:19:01 WARN  unexpected dependency with absolute path: /Users/teodora/Library/Caches/ScalaCli/bloop/C:\Users\Alexandra Rus\.m2\repository\org\springframework\boot\spring-boot-autoconfigure\4.0.3\spring-boot-autoconfigure-4.0.3-sources.jar
2026.05.21 01:19:01 WARN  unexpected dependency with absolute path: /Users/teodora/Library/Caches/ScalaCli/bloop/C:\Users\Alexandra Rus\.m2\repository\org\springframework\spring-beans\7.0.5\spring-beans-7.0.5-sources.jar
2026.05.21 01:19:01 WARN  unexpected dependency with absolute path: /Users/teodora/Library/Caches/ScalaCli/bloop/C:\Users\Alexandra Rus\.m2\repository\org\springframework\boot\spring-boot-persistence\4.0.3\spring-boot-persistence-4.0.3-sources.jar
2026.05.21 01:19:01 WARN  unexpected dependency with absolute path: /Users/teodora/Library/Caches/ScalaCli/bloop/C:\Users\Alexandra Rus\.m2\repository\org\yaml\snakeyaml\2.5\snakeyaml-2.5-sources.jar
2026.05.21 01:19:01 WARN  unexpected dependency with absolute path: /Users/teodora/Library/Caches/ScalaCli/bloop/C:\Users\Alexandra Rus\.m2\repository\jakarta\validation\jakarta.validation-api\3.1.1\jakarta.validation-api-3.1.1-sources.jar
2026.05.21 01:19:01 WARN  unexpected dependency with absolute path: /Users/teodora/Library/Caches/ScalaCli/bloop/C:\Users\Alexandra Rus\.m2\repository\org\xmlunit\xmlunit-core\2.10.4\xmlunit-core-2.10.4-sources.jar
2026.05.21 01:19:01 WARN  unexpected dependency with absolute path: /Users/teodora/Library/Caches/ScalaCli/bloop/C:\Users\Alexandra Rus\.m2\repository\commons-logging\commons-logging\1.3.5\commons-logging-1.3.5-sources.jar
2026.05.21 01:19:01 WARN  unexpected dependency with absolute path: /Users/teodora/Library/Caches/ScalaCli/bloop/C:\Users\Alexandra Rus\.m2\repository\net\minidev\json-smart\2.6.0\json-smart-2.6.0-sources.jar
2026.05.21 01:19:01 WARN  unexpected dependency with absolute path: /Users/teodora/Library/Caches/ScalaCli/bloop/C:\Users\Alexandra Rus\.m2\repository\tools\jackson\core\jackson-core\3.0.4\jackson-core-3.0.4-sources.jar
2026.05.21 01:19:01 WARN  unexpected dependency with absolute path: /Users/teodora/Library/Caches/ScalaCli/bloop/C:\Users\Alexandra Rus\.m2\repository\org\springframework\boot\spring-boot-http-converter\4.0.3\spring-boot-http-converter-4.0.3-sources.jar
2026.05.21 01:19:01 WARN  unexpected dependency with absolute path: /Users/teodora/Library/Caches/ScalaCli/bloop/C:\Users\Alexandra Rus\.m2\repository\org\springframework\boot\spring-boot-starter-tomcat\4.0.3\spring-boot-starter-tomcat-4.0.3-sources.jar
2026.05.21 01:19:01 WARN  unexpected dependency with absolute path: /Users/teodora/Library/Caches/ScalaCli/bloop/C:\Users\Alexandra Rus\.m2\repository\org\assertj\assertj-core\3.27.7\assertj-core-3.27.7-sources.jar
2026.05.21 01:19:01 WARN  unexpected dependency with absolute path: /Users/teodora/Library/Caches/ScalaCli/bloop/C:\Users\Alexandra Rus\.m2\repository\com\sun\istack\istack-commons-runtime\4.1.2\istack-commons-runtime-4.1.2-sources.jar
2026.05.21 01:19:01 WARN  unexpected dependency with absolute path: /Users/teodora/Library/Caches/ScalaCli/bloop/C:\Users\Alexandra Rus\.m2\repository\org\aspectj\aspectjweaver\1.9.25.1\aspectjweaver-1.9.25.1-sources.jar
2026.05.21 01:19:01 WARN  unexpected dependency with absolute path: /Users/teodora/Library/Caches/ScalaCli/bloop/C:\Users\Alexandra Rus\.m2\repository\org\antlr\antlr4-runtime\4.13.2\antlr4-runtime-4.13.2-sources.jar
2026.05.21 01:19:01 WARN  unexpected dependency with absolute path: /Users/teodora/Library/Caches/ScalaCli/bloop/C:\Users\Alexandra Rus\.m2\repository\org\hibernate\orm\hibernate-core\7.2.4.Final\hibernate-core-7.2.4.Final-sources.jar
2026.05.21 01:19:01 WARN  unexpected dependency with absolute path: /Users/teodora/Library/Caches/ScalaCli/bloop/C:\Users\Alexandra Rus\.m2\repository\ch\qos\logback\logback-core\1.5.32\logback-core-1.5.32-sources.jar
2026.05.21 01:19:01 WARN  unexpected dependency with absolute path: /Users/teodora/Library/Caches/ScalaCli/bloop/C:\Users\Alexandra Rus\.m2\repository\org\awaitility\awaitility\4.3.0\awaitility-4.3.0-sources.jar
2026.05.21 01:19:01 WARN  unexpected dependency with absolute path: /Users/teodora/Library/Caches/ScalaCli/bloop/C:\Users\Alexandra Rus\.m2\repository\org\springframework\boot\spring-boot-validation\4.0.3\spring-boot-validation-4.0.3-sources.jar
2026.05.21 01:19:01 WARN  unexpected dependency with absolute path: /Users/teodora/Library/Caches/ScalaCli/bloop/C:\Users\Alexandra Rus\.m2\repository\org\thymeleaf\thymeleaf\3.1.3.RELEASE\thymeleaf-3.1.3.RELEASE-sources.jar
2026.05.21 01:19:01 WARN  unexpected dependency with absolute path: /Users/teodora/Library/Caches/ScalaCli/bloop/C:\Users\Alexandra Rus\.m2\repository\org\objenesis\objenesis\3.3\objenesis-3.3-sources.jar
2026.05.21 01:19:01 WARN  unexpected dependency with absolute path: /Users/teodora/Library/Caches/ScalaCli/bloop/C:\Users\Alexandra Rus\.m2\repository\org\springframework\security\spring-security-config\7.0.3\spring-security-config-7.0.3-sources.jar
2026.05.21 01:19:01 WARN  unexpected dependency with absolute path: /Users/teodora/Library/Caches/ScalaCli/bloop/C:\Users\Alexandra Rus\.m2\repository\org\thymeleaf\thymeleaf-spring6\3.1.3.RELEASE\thymeleaf-spring6-3.1.3.RELEASE-sources.jar
2026.05.21 01:19:01 WARN  unexpected dependency with absolute path: /Users/teodora/Library/Caches/ScalaCli/bloop/C:\Users\Alexandra Rus\.m2\repository\org\springframework\boot\spring-boot-jpa\4.0.3\spring-boot-jpa-4.0.3-sources.jar
2026.05.21 01:19:01 WARN  unexpected dependency with absolute path: /Users/teodora/Library/Caches/ScalaCli/bloop/C:\Users\Alexandra Rus\.m2\repository\org\springframework\boot\spring-boot-servlet\4.0.3\spring-boot-servlet-4.0.3-sources.jar
2026.05.21 01:19:01 WARN  unexpected dependency with absolute path: /Users/teodora/Library/Caches/ScalaCli/bloop/C:\Users\Alexandra Rus\.m2\repository\org\skyscreamer\jsonassert\1.5.3\jsonassert-1.5.3-sources.jar
2026.05.21 01:19:01 WARN  unexpected dependency with absolute path: /Users/teodora/Library/Caches/ScalaCli/bloop/C:\Users\Alexandra Rus\.m2\repository\org\ow2\asm\asm\9.7.1\asm-9.7.1-sources.jar
2026.05.21 01:19:01 WARN  unexpected dependency with absolute path: /Users/teodora/Library/Caches/ScalaCli/bloop/C:\Users\Alexandra Rus\.m2\repository\org\apache\logging\log4j\log4j-to-slf4j\2.25.3\log4j-to-slf4j-2.25.3-sources.jar
2026.05.21 01:19:01 WARN  unexpected dependency with absolute path: /Users/teodora/Library/Caches/ScalaCli/bloop/C:\Users\Alexandra Rus\.m2\repository\org\springframework\boot\spring-boot-starter-test\4.0.3\spring-boot-starter-test-4.0.3-sources.jar
2026.05.21 01:19:01 WARN  unexpected dependency with absolute path: /Users/teodora/Library/Caches/ScalaCli/bloop/C:\Users\Alexandra Rus\.m2\repository\org\springframework\boot\spring-boot-jackson\4.0.3\spring-boot-jackson-4.0.3-sources.jar
2026.05.21 01:19:01 WARN  unexpected dependency with absolute path: /Users/teodora/Library/Caches/ScalaCli/bloop/C:\Users\Alexandra Rus\.m2\repository\org\springframework\security\spring-security-web\7.0.3\spring-security-web-7.0.3-sources.jar
2026.05.21 01:19:01 WARN  unexpected dependency with absolute path: /Users/teodora/Library/Caches/ScalaCli/bloop/C:\Users\Alexandra Rus\.m2\repository\io\micrometer\micrometer-commons\1.16.3\micrometer-commons-1.16.3-sources.jar
2026.05.21 01:19:01 WARN  unexpected dependency with absolute path: /Users/teodora/Library/Caches/ScalaCli/bloop/C:\Users\Alexandra Rus\.m2\repository\org\jboss\logging\jboss-logging\3.6.2.Final\jboss-logging-3.6.2.Final-sources.jar
2026.05.21 01:19:01 WARN  unexpected dependency with absolute path: /Users/teodora/Library/Caches/ScalaCli/bloop/C:\Users\Alexandra Rus\.m2\repository\org\springframework\boot\spring-boot-webmvc\4.0.3\spring-boot-webmvc-4.0.3-sources.jar
2026.05.21 01:19:01 WARN  unexpected dependency with absolute path: /Users/teodora/Library/Caches/ScalaCli/bloop/C:\Users\Alexandra Rus\.m2\repository\org\hamcrest\hamcrest\3.0\hamcrest-3.0-sources.jar
2026.05.21 01:19:01 WARN  unexpected dependency with absolute path: /Users/teodora/Library/Caches/ScalaCli/bloop/C:\Users\Alexandra Rus\.m2\repository\net\minidev\accessors-smart\2.6.0\accessors-smart-2.6.0-sources.jar
2026.05.21 01:19:01 WARN  unexpected dependency with absolute path: /Users/teodora/Library/Caches/ScalaCli/bloop/C:\Users\Alexandra Rus\.m2\repository\org\apache\tomcat\embed\tomcat-embed-core\11.0.18\tomcat-embed-core-11.0.18-sources.jar
2026.05.21 01:19:01 WARN  unexpected dependency with absolute path: /Users/teodora/Library/Caches/ScalaCli/bloop/C:\Users\Alexandra Rus\.m2\repository\org\junit\jupiter\junit-jupiter\6.0.3\junit-jupiter-6.0.3-sources.jar
2026.05.21 01:19:01 WARN  unexpected dependency with absolute path: /Users/teodora/Library/Caches/ScalaCli/bloop/C:\Users\Alexandra Rus\.m2\repository\org\glassfish\jaxb\txw2\4.0.6\txw2-4.0.6-sources.jar
2026.05.21 01:19:01 WARN  unexpected dependency with absolute path: /Users/teodora/Library/Caches/ScalaCli/bloop/C:\Users\Alexandra Rus\.m2\repository\org\springframework\boot\spring-boot-transaction\4.0.3\spring-boot-transaction-4.0.3-sources.jar
2026.05.21 01:19:01 WARN  unexpected dependency with absolute path: /Users/teodora/Library/Caches/ScalaCli/bloop/C:\Users\Alexandra Rus\.m2\repository\org\springframework\spring-tx\7.0.5\spring-tx-7.0.5-sources.jar
2026.05.21 01:19:01 WARN  unexpected dependency with absolute path: /Users/teodora/Library/Caches/ScalaCli/bloop/C:\Users\Alexandra Rus\.m2\repository\org\springframework\boot\spring-boot-starter-validation\4.0.3\spring-boot-starter-validation-4.0.3-sources.jar
2026.05.21 01:19:01 WARN  unexpected dependency with absolute path: /Users/teodora/Library/Caches/ScalaCli/bloop/C:\Users\Alexandra Rus\.m2\repository\jakarta\annotation\jakarta.annotation-api\3.0.0\jakarta.annotation-api-3.0.0-sources.jar
2026.05.21 01:19:01 WARN  unexpected dependency with absolute path: /Users/teodora/Library/Caches/ScalaCli/bloop/C:\Users\Alexandra Rus\.m2\repository\org\apache\tomcat\embed\tomcat-embed-websocket\11.0.18\tomcat-embed-websocket-11.0.18-sources.jar
2026.05.21 01:19:01 WARN  unexpected dependency with absolute path: /Users/teodora/Library/Caches/ScalaCli/bloop/C:\Users\Alexandra Rus\.m2\repository\org\mockito\mockito-junit-jupiter\5.20.0\mockito-junit-jupiter-5.20.0-sources.jar
2026.05.21 01:19:01 WARN  unexpected dependency with absolute path: /Users/teodora/Library/Caches/ScalaCli/bloop/C:\Users\Alexandra Rus\.m2\repository\org\springframework\boot\spring-boot-test\4.0.3\spring-boot-test-4.0.3-sources.jar
2026.05.21 01:19:01 WARN  unexpected dependency with absolute path: /Users/teodora/Library/Caches/ScalaCli/bloop/C:\Users\Alexandra Rus\.m2\repository\org\springframework\spring-webmvc\7.0.5\spring-webmvc-7.0.5-sources.jar
2026.05.21 01:19:01 WARN  unexpected dependency with absolute path: /Users/teodora/Library/Caches/ScalaCli/bloop/C:\Users\Alexandra Rus\.m2\repository\org\springframework\boot\spring-boot-starter-thymeleaf\4.0.3\spring-boot-starter-thymeleaf-4.0.3-sources.jar
2026.05.21 01:19:01 WARN  unexpected dependency with absolute path: /Users/teodora/Library/Caches/ScalaCli/bloop/C:\Users\Alexandra Rus\.m2\repository\org\springframework\boot\spring-boot-tomcat\4.0.3\spring-boot-tomcat-4.0.3-sources.jar
2026.05.21 01:19:01 WARN  unexpected dependency with absolute path: /Users/teodora/Library/Caches/ScalaCli/bloop/C:\Users\Alexandra Rus\.m2\repository\org\springframework\boot\spring-boot-devtools\4.0.3\spring-boot-devtools-4.0.3-sources.jar
2026.05.21 01:19:01 WARN  unexpected dependency with absolute path: /Users/teodora/Library/Caches/ScalaCli/bloop/C:\Users\Alexandra Rus\.m2\repository\org\attoparser\attoparser\2.0.7.RELEASE\attoparser-2.0.7.RELEASE-sources.jar
2026.05.21 01:19:01 WARN  unexpected dependency with absolute path: /Users/teodora/Library/Caches/ScalaCli/bloop/C:\Users\Alexandra Rus\.m2\repository\org\junit\jupiter\junit-jupiter-engine\6.0.3\junit-jupiter-engine-6.0.3-sources.jar
2026.05.21 01:19:01 WARN  unexpected dependency with absolute path: /Users/teodora/Library/Caches/ScalaCli/bloop/C:\Users\Alexandra Rus\.m2\repository\org\springframework\spring-context\7.0.5\spring-context-7.0.5-sources.jar
2026.05.21 01:19:01 WARN  unexpected dependency with absolute path: /Users/teodora/Library/Caches/ScalaCli/bloop/C:\Users\Alexandra Rus\.m2\repository\org\springframework\boot\spring-boot-test-autoconfigure\4.0.3\spring-boot-test-autoconfigure-4.0.3-sources.jar
2026.05.21 01:19:01 WARN  unexpected dependency with absolute path: /Users/teodora/Library/Caches/ScalaCli/bloop/C:\Users\Alexandra Rus\.m2\repository\org\jspecify\jspecify\1.0.0\jspecify-1.0.0-sources.jar
2026.05.21 01:19:01 WARN  unexpected dependency with absolute path: /Users/teodora/Library/Caches/ScalaCli/bloop/C:\Users\Alexandra Rus\.m2\repository\org\postgresql\postgresql\42.7.10\postgresql-42.7.10-sources.jar
2026.05.21 01:19:01 WARN  unexpected dependency with absolute path: /Users/teodora/Library/Caches/ScalaCli/bloop/C:\Users\Alexandra Rus\.m2\repository\org\springframework\boot\spring-boot-webmvc-test\4.0.3\spring-boot-webmvc-test-4.0.3-sources.jar
2026.05.21 01:19:01 WARN  unexpected dependency with absolute path: /Users/teodora/Library/Caches/ScalaCli/bloop/C:\Users\Alexandra Rus\.m2\repository\org\slf4j\jul-to-slf4j\2.0.17\jul-to-slf4j-2.0.17-sources.jar
2026.05.21 01:19:01 WARN  unexpected dependency with absolute path: /Users/teodora/Library/Caches/ScalaCli/bloop/C:\Users\Alexandra Rus\.m2\repository\org\junit\platform\junit-platform-engine\6.0.3\junit-platform-engine-6.0.3-sources.jar
2026.05.21 01:19:01 WARN  unexpected dependency with absolute path: /Users/teodora/Library/Caches/ScalaCli/bloop/C:\Users\Alexandra Rus\.m2\repository\org\springframework\security\spring-security-core\7.0.3\spring-security-core-7.0.3-sources.jar
2026.05.21 01:19:01 WARN  unexpected dependency with absolute path: /Users/teodora/Library/Caches/ScalaCli/bloop/C:\Users\Alexandra Rus\.m2\repository\org\springframework\boot\spring-boot-resttestclient\4.0.3\spring-boot-resttestclient-4.0.3-sources.jar
2026.05.21 01:19:01 WARN  unexpected dependency with absolute path: /Users/teodora/Library/Caches/ScalaCli/bloop/C:\Users\Alexandra Rus\.m2\repository\org\apiguardian\apiguardian-api\1.1.2\apiguardian-api-1.1.2-sources.jar
2026.05.21 01:19:01 WARN  unexpected dependency with absolute path: /Users/teodora/Library/Caches/ScalaCli/bloop/C:\Users\Alexandra Rus\.m2\repository\org\springframework\spring-aspects\7.0.5\spring-aspects-7.0.5-sources.jar
2026.05.21 01:19:01 WARN  unexpected dependency with absolute path: /Users/teodora/Library/Caches/ScalaCli/bloop/C:\Users\Alexandra Rus\.m2\repository\ch\qos\logback\logback-classic\1.5.32\logback-classic-1.5.32-sources.jar
2026.05.21 01:19:01 WARN  unexpected dependency with absolute path: /Users/teodora/Library/Caches/ScalaCli/bloop/C:\Users\Alexandra Rus\.m2\repository\org\springframework\spring-expression\7.0.5\spring-expression-7.0.5-sources.jar
2026.05.21 01:19:01 WARN  unexpected dependency with absolute path: /Users/teodora/Library/Caches/ScalaCli/bloop/C:\Users\Alexandra Rus\.m2\repository\org\hibernate\models\hibernate-models\1.0.1\hibernate-models-1.0.1-sources.jar
2026.05.21 01:19:01 WARN  unexpected dependency with absolute path: /Users/teodora/Library/Caches/ScalaCli/bloop/C:\Users\Alexandra Rus\.m2\repository\org\springframework\boot\spring-boot-security\4.0.3\spring-boot-security-4.0.3-sources.jar
2026.05.21 01:19:01 WARN  unexpected dependency with absolute path: /Users/teodora/Library/Caches/ScalaCli/bloop/C:\Users\Alexandra Rus\.m2\repository\org\springframework\boot\spring-boot-starter-jackson-test\4.0.3\spring-boot-starter-jackson-test-4.0.3-sources.jar
2026.05.21 01:19:01 WARN  unexpected dependency with absolute path: /Users/teodora/Library/Caches/ScalaCli/bloop/C:\Users\Alexandra Rus\.m2\repository\org\springframework\boot\spring-boot-data-commons\4.0.3\spring-boot-data-commons-4.0.3-sources.jar
2026.05.21 01:19:01 WARN  unexpected dependency with absolute path: /Users/teodora/Library/Caches/ScalaCli/bloop/C:\Users\Alexandra Rus\.m2\repository\org\springframework\spring-test\7.0.5\spring-test-7.0.5-sources.jar
2026.05.21 01:19:01 WARN  unexpected dependency with absolute path: /Users/teodora/Library/Caches/ScalaCli/bloop/C:\Users\Alexandra Rus\.m2\repository\tools\jackson\core\jackson-databind\3.0.4\jackson-databind-3.0.4-sources.jar
2026.05.21 01:19:01 WARN  unexpected dependency with absolute path: /Users/teodora/Library/Caches/ScalaCli/bloop/C:\Users\Alexandra Rus\.m2\repository\com\fasterxml\classmate\1.7.3\classmate-1.7.3-sources.jar
2026.05.21 01:19:01 WARN  unexpected dependency with absolute path: /Users/teodora/Library/Caches/ScalaCli/bloop/C:\Users\Alexandra Rus\.m2\repository\org\junit\jupiter\junit-jupiter-params\6.0.3\junit-jupiter-params-6.0.3-sources.jar
2026.05.21 01:19:01 WARN  unexpected dependency with absolute path: /Users/teodora/Library/Caches/ScalaCli/bloop/C:\Users\Alexandra Rus\.m2\repository\org\springframework\spring-aop\7.0.5\spring-aop-7.0.5-sources.jar
2026.05.21 01:19:01 WARN  unexpected dependency with absolute path: /Users/teodora/Library/Caches/ScalaCli/bloop/C:\Users\Alexandra Rus\.m2\repository\org\springframework\boot\spring-boot-starter-security\4.0.3\spring-boot-starter-security-4.0.3-sources.jar
2026.05.21 01:19:01 WARN  unexpected dependency with absolute path: /Users/teodora/Library/Caches/ScalaCli/bloop/C:\Users\Alexandra Rus\.m2\repository\jakarta\xml\bind\jakarta.xml.bind-api\4.0.4\jakarta.xml.bind-api-4.0.4-sources.jar
2026.05.21 01:19:01 WARN  unexpected dependency with absolute path: /Users/teodora/Library/Caches/ScalaCli/bloop/C:\Users\Alexandra Rus\.m2\repository\jakarta\persistence\jakarta.persistence-api\3.2.0\jakarta.persistence-api-3.2.0-sources.jar
2026.05.21 01:19:01 WARN  unexpected dependency with absolute path: /Users/teodora/Library/Caches/ScalaCli/bloop/C:\Users\Alexandra Rus\.m2\repository\net\bytebuddy\byte-buddy\1.17.8\byte-buddy-1.17.8-sources.jar
2026.05.21 01:19:01 WARN  unexpected dependency with absolute path: /Users/teodora/Library/Caches/ScalaCli/bloop/C:\Users\Alexandra Rus\.m2\repository\io\micrometer\micrometer-observation\1.16.3\micrometer-observation-1.16.3-sources.jar
2026.05.21 01:19:01 WARN  unexpected dependency with absolute path: /Users/teodora/Library/Caches/ScalaCli/bloop/C:\Users\Alexandra Rus\.m2\repository\org\projectlombok\lombok\1.18.42\lombok-1.18.42-sources.jar
2026.05.21 01:19:01 WARN  unexpected dependency with absolute path: /Users/teodora/Library/Caches/ScalaCli/bloop/C:\Users\Alexandra Rus\.m2\repository\org\glassfish\jaxb\jaxb-core\4.0.6\jaxb-core-4.0.6-sources.jar
2026.05.21 01:19:01 WARN  unexpected dependency with absolute path: /Users/teodora/Library/Caches/ScalaCli/bloop/C:\Users\Alexandra Rus\.m2\repository\org\springframework\boot\spring-boot-starter-jackson\4.0.3\spring-boot-starter-jackson-4.0.3-sources.jar
2026.05.21 01:19:01 WARN  unexpected dependency with absolute path: /Users/teodora/Library/Caches/ScalaCli/bloop/C:\Users\Alexandra Rus\.m2\repository\org\eclipse\angus\angus-activation\2.0.3\angus-activation-2.0.3-sources.jar
2026.05.21 01:19:01 WARN  unexpected dependency with absolute path: /Users/teodora/Library/Caches/ScalaCli/bloop/C:\Users\Alexandra Rus\.m2\repository\org\springframework\spring-core\7.0.5\spring-core-7.0.5-sources.jar
2026.05.21 01:19:01 WARN  unexpected dependency with absolute path: /Users/teodora/Library/Caches/ScalaCli/bloop/C:\Users\Alexandra Rus\.m2\repository\org\apache\logging\log4j\log4j-api\2.25.3\log4j-api-2.25.3-sources.jar
2026.05.21 01:19:01 WARN  unexpected dependency with absolute path: /Users/teodora/Library/Caches/ScalaCli/bloop/C:\Users\Alexandra Rus\.m2\repository\org\springframework\security\spring-security-crypto\7.0.3\spring-security-crypto-7.0.3-sources.jar
2026.05.21 01:19:01 WARN  unexpected dependency with absolute path: /Users/teodora/Library/Caches/ScalaCli/bloop/C:\Users\Alexandra Rus\.m2\repository\org\springframework\data\spring-data-commons\4.0.3\spring-data-commons-4.0.3-sources.jar
2026.05.21 01:19:01 WARN  unexpected dependency with absolute path: /Users/teodora/Library/Caches/ScalaCli/bloop/C:\Users\Alexandra Rus\.m2\repository\org\springframework\boot\spring-boot-sql\4.0.3\spring-boot-sql-4.0.3-sources.jar
2026.05.21 01:19:01 WARN  unexpected dependency with absolute path: /Users/teodora/Library/Caches/ScalaCli/bloop/C:\Users\Alexandra Rus\.m2\repository\org\springframework\boot\spring-boot-web-server\4.0.3\spring-boot-web-server-4.0.3-sources.jar
2026.05.21 01:19:01 WARN  unexpected dependency with absolute path: /Users/teodora/Library/Caches/ScalaCli/bloop/C:\Users\Alexandra Rus\.m2\repository\org\junit\jupiter\junit-jupiter-api\6.0.3\junit-jupiter-api-6.0.3-sources.jar
2026.05.21 01:19:01 WARN  unexpected dependency with absolute path: /Users/teodora/Library/Caches/ScalaCli/bloop/C:\Users\Alexandra Rus\.m2\repository\org\springframework\boot\spring-boot-thymeleaf\4.0.3\spring-boot-thymeleaf-4.0.3-sources.jar
2026.05.21 01:19:01 WARN  unexpected dependency with absolute path: /Users/teodora/Library/Caches/ScalaCli/bloop/C:\Users\Alexandra Rus\.m2\repository\jakarta\inject\jakarta.inject-api\2.0.1\jakarta.inject-api-2.0.1-sources.jar
2026.05.21 01:19:01 WARN  unexpected dependency with absolute path: /Users/teodora/Library/Caches/ScalaCli/bloop/C:\Users\Alexandra Rus\.m2\repository\jakarta\activation\jakarta.activation-api\2.1.4\jakarta.activation-api-2.1.4-sources.jar
2026.05.21 01:19:01 WARN  unexpected dependency with absolute path: /Users/teodora/Library/Caches/ScalaCli/bloop/C:\Users\Alexandra Rus\.m2\repository\org\junit\platform\junit-platform-commons\6.0.3\junit-platform-commons-6.0.3-sources.jar
2026.05.21 01:19:01 WARN  unexpected dependency with absolute path: /Users/teodora/Library/Caches/ScalaCli/bloop/C:\Users\Alexandra Rus\.m2\repository\com\jayway\jsonpath\json-path\2.10.0\json-path-2.10.0-sources.jar
2026.05.21 01:19:01 WARN  unexpected dependency with absolute path: /Users/teodora/Library/Caches/ScalaCli/bloop/C:\Users\Alexandra Rus\.m2\repository\com\fasterxml\jackson\core\jackson-annotations\2.20\jackson-annotations-2.20-sources.jar
2026.05.21 01:19:01 WARN  unexpected dependency with absolute path: /Users/teodora/Library/Caches/ScalaCli/bloop/C:\Users\Alexandra Rus\.m2\repository\jakarta\transaction\jakarta.transaction-api\2.0.1\jakarta.transaction-api-2.0.1-sources.jar
2026.05.21 01:19:01 WARN  unexpected dependency with absolute path: /Users/teodora/Library/Caches/ScalaCli/bloop/C:\Users\Alexandra Rus\.m2\repository\org\glassfish\jaxb\jaxb-runtime\4.0.6\jaxb-runtime-4.0.6-sources.jar
2026.05.21 01:19:01 WARN  unexpected dependency with absolute path: /Users/teodora/Library/Caches/ScalaCli/bloop/C:\Users\Alexandra Rus\.m2\repository\org\springframework\boot\spring-boot-starter\4.0.3\spring-boot-starter-4.0.3-sources.jar
2026.05.21 01:19:01 WARN  unexpected dependency with absolute path: /Users/teodora/Library/Caches/ScalaCli/bloop/C:\Users\Alexandra Rus\.m2\repository\org\springframework\boot\spring-boot-starter-tomcat-runtime\4.0.3\spring-boot-starter-tomcat-runtime-4.0.3-sources.jar
2026.05.21 01:19:01 WARN  unexpected dependency with absolute path: /Users/teodora/Library/Caches/ScalaCli/bloop/C:\Users\Alexandra Rus\.m2\repository\org\unbescape\unbescape\1.1.6.RELEASE\unbescape-1.1.6.RELEASE-sources.jar
2026.05.21 01:19:01 WARN  unexpected dependency with absolute path: /Users/teodora/Library/Caches/ScalaCli/bloop/C:\Users\Alexandra Rus\.m2\repository\org\springframework\boot\spring-boot-data-jpa\4.0.3\spring-boot-data-jpa-4.0.3-sources.jar
2026.05.21 01:19:01 WARN  unexpected dependency with absolute path: /Users/teodora/Library/Caches/ScalaCli/bloop/C:\Users\Alexandra Rus\.m2\repository\org\springframework\data\spring-data-jpa\4.0.3\spring-data-jpa-4.0.3-sources.jar
2026.05.21 01:19:01 WARN  unexpected dependency with absolute path: /Users/teodora/Library/Caches/ScalaCli/bloop/C:\Users\Alexandra Rus\.m2\repository\org\apache\tomcat\embed\tomcat-embed-el\11.0.18\tomcat-embed-el-11.0.18-sources.jar
2026.05.21 01:19:01 WARN  unexpected dependency with absolute path: /Users/teodora/Library/Caches/ScalaCli/bloop/C:\Users\Alexandra Rus\.m2\repository\org\springframework\boot\spring-boot-starter-jdbc\4.0.3\spring-boot-starter-jdbc-4.0.3-sources.jar
2026.05.21 01:19:01 WARN  unexpected dependency with absolute path: /Users/teodora/Library/Caches/ScalaCli/bloop/C:\Users\Alexandra Rus\.m2\repository\com\vaadin\external\google\android-json\0.0.20131108.vaadin1\android-json-0.0.20131108.vaadin1-sources.jar
2026.05.21 01:19:01 WARN  unexpected dependency with absolute path: /Users/teodora/Library/Caches/ScalaCli/bloop/C:\Users\Alexandra Rus\.m2\repository\com\zaxxer\HikariCP\7.0.2\HikariCP-7.0.2-sources.jar
2026.05.21 01:19:01 WARN  unexpected dependency with absolute path: /Users/teodora/Library/Caches/ScalaCli/bloop/C:\Users\Alexandra Rus\.m2\repository\org\hibernate\validator\hibernate-validator\9.0.1.Final\hibernate-validator-9.0.1.Final-sources.jar
2026.05.21 01:19:01 WARN  unexpected dependency with absolute path: /Users/teodora/Library/Caches/ScalaCli/bloop/C:\Users\Alexandra Rus\.m2\repository\org\opentest4j\opentest4j\1.3.0\opentest4j-1.3.0-sources.jar
2026.05.21 01:19:01 WARN  unexpected dependency with absolute path: /Users/teodora/Library/Caches/ScalaCli/bloop/C:\Users\Alexandra Rus\.m2\repository\org\springframework\boot\spring-boot-starter-thymeleaf-test\4.0.3\spring-boot-starter-thymeleaf-test-4.0.3-sources.jar
2026.05.21 01:19:01 WARN  unexpected dependency with absolute path: /Users/teodora/Library/Caches/ScalaCli/bloop/C:\Users\Alexandra Rus\.m2\repository\org\slf4j\slf4j-api\2.0.17\slf4j-api-2.0.17-sources.jar
2026.05.21 01:19:01 WARN  unexpected dependency with absolute path: /Users/teodora/Library/Caches/ScalaCli/bloop/C:\Users\Alexandra Rus\.m2\repository\org\checkerframework\checker-qual\3.52.0\checker-qual-3.52.0-sources.jar
2026.05.21 01:19:01 WARN  unexpected dependency with absolute path: /Users/teodora/Library/Caches/ScalaCli/bloop/C:\Users\Alexandra Rus\.m2\repository\org\springframework\boot\spring-boot-starter-webmvc-test\4.0.3\spring-boot-starter-webmvc-test-4.0.3-sources.jar
2026.05.21 01:19:01 WARN  unexpected dependency with absolute path: /Users/teodora/Library/Caches/ScalaCli/bloop/C:\Users\Alexandra Rus\.m2\repository\org\springframework\spring-web\7.0.5\spring-web-7.0.5-sources.jar
2026.05.21 01:19:01 WARN  unexpected dependency with absolute path: /Users/teodora/Library/Caches/ScalaCli/bloop/C:\Users\Alexandra Rus\.m2\repository\org\springframework\boot\spring-boot-starter-data-jpa\4.0.3\spring-boot-starter-data-jpa-4.0.3-sources.jar
2026.05.21 01:19:01 WARN  unexpected dependency with absolute path: /Users/teodora/Library/Caches/ScalaCli/bloop/C:\Users\Alexandra Rus\.m2\repository\org\springframework\boot\spring-boot\4.0.3\spring-boot-4.0.3-sources.jar
2026.05.21 01:19:01 WARN  unexpected dependency with absolute path: /Users/teodora/Library/Caches/ScalaCli/bloop/C:\Users\Alexandra Rus\.m2\repository\net\bytebuddy\byte-buddy-agent\1.17.8\byte-buddy-agent-1.17.8-sources.jar
2026.05.21 01:19:01 WARN  unexpected dependency with absolute path: /Users/teodora/Library/Caches/ScalaCli/bloop/C:\Users\Alexandra Rus\.m2\repository\org\springframework\spring-orm\7.0.5\spring-orm-7.0.5-sources.jar
2026.05.21 01:19:01 WARN  unexpected dependency with absolute path: /Users/teodora/Library/Caches/ScalaCli/bloop/C:\Users\Alexandra Rus\.m2\repository\org\springframework\boot\spring-boot-starter-logging\4.0.3\spring-boot-starter-logging-4.0.3-sources.jar
2026.05.21 01:19:01 WARN  unexpected dependency with absolute path: /Users/teodora/Library/Caches/ScalaCli/bloop/C:\Users\Alexandra Rus\.m2\repository\org\springframework\boot\spring-boot-hibernate\4.0.3\spring-boot-hibernate-4.0.3-sources.jar
2026.05.21 01:19:01 WARN  unexpected dependency with absolute path: /Users/teodora/Library/Caches/ScalaCli/bloop/C:\Users\Alexandra Rus\.m2\repository\org\springframework\boot\spring-boot-starter-webmvc\4.0.3\spring-boot-starter-webmvc-4.0.3-sources.jar
2026.05.21 01:19:01 WARN  unexpected dependency with absolute path: /Users/teodora/Library/Caches/ScalaCli/bloop/C:\Users\Alexandra Rus\.m2\repository\org\springframework\spring-jdbc\7.0.5\spring-jdbc-7.0.5-sources.jar
2026.05.21 01:19:01 WARN  unexpected dependency with absolute path: /Users/teodora/Library/Caches/ScalaCli/bloop/C:\Users\Alexandra Rus\.m2\repository\org\mockito\mockito-core\5.20.0\mockito-core-5.20.0-sources.jar
2026.05.21 01:19:01 WARN  unexpected dependency with absolute path: /Users/teodora/Library/Caches/ScalaCli/bloop/C:\Users\Alexandra Rus\.m2\repository\org\springframework\boot\spring-boot-jdbc\4.0.3\spring-boot-jdbc-4.0.3-sources.jar
2026.05.21 01:19:01 WARN  unexpected dependency with absolute path: /Users/teodora/Library/Caches/ScalaCli/bloop/C:\Users\Alexandra Rus\.m2\repository\org\springframework\boot\spring-boot-autoconfigure\4.0.3\spring-boot-autoconfigure-4.0.3-sources.jar
2026.05.21 01:19:01 WARN  unexpected dependency with absolute path: /Users/teodora/Library/Caches/ScalaCli/bloop/C:\Users\Alexandra Rus\.m2\repository\org\springframework\spring-beans\7.0.5\spring-beans-7.0.5-sources.jar
2026.05.21 01:19:01 WARN  unexpected dependency with absolute path: /Users/teodora/Library/Caches/ScalaCli/bloop/C:\Users\Alexandra Rus\.m2\repository\org\springframework\boot\spring-boot-persistence\4.0.3\spring-boot-persistence-4.0.3-sources.jar
2026.05.21 01:19:01 WARN  unexpected dependency with absolute path: /Users/teodora/Library/Caches/ScalaCli/bloop/C:\Users\Alexandra Rus\.m2\repository\org\yaml\snakeyaml\2.5\snakeyaml-2.5-sources.jar
2026.05.21 01:19:01 WARN  unexpected dependency with absolute path: /Users/teodora/Library/Caches/ScalaCli/bloop/C:\Users\Alexandra Rus\.m2\repository\jakarta\validation\jakarta.validation-api\3.1.1\jakarta.validation-api-3.1.1-sources.jar
2026.05.21 01:19:01 WARN  unexpected dependency with absolute path: /Users/teodora/Library/Caches/ScalaCli/bloop/C:\Users\Alexandra Rus\.m2\repository\org\xmlunit\xmlunit-core\2.10.4\xmlunit-core-2.10.4-sources.jar
2026.05.21 01:19:01 WARN  unexpected dependency with absolute path: /Users/teodora/Library/Caches/ScalaCli/bloop/C:\Users\Alexandra Rus\.m2\repository\commons-logging\commons-logging\1.3.5\commons-logging-1.3.5-sources.jar
2026.05.21 01:19:01 WARN  unexpected dependency with absolute path: /Users/teodora/Library/Caches/ScalaCli/bloop/C:\Users\Alexandra Rus\.m2\repository\net\minidev\json-smart\2.6.0\json-smart-2.6.0-sources.jar
2026.05.21 01:19:01 WARN  unexpected dependency with absolute path: /Users/teodora/Library/Caches/ScalaCli/bloop/C:\Users\Alexandra Rus\.m2\repository\tools\jackson\core\jackson-core\3.0.4\jackson-core-3.0.4-sources.jar
2026.05.21 01:19:01 WARN  unexpected dependency with absolute path: /Users/teodora/Library/Caches/ScalaCli/bloop/C:\Users\Alexandra Rus\.m2\repository\org\springframework\boot\spring-boot-http-converter\4.0.3\spring-boot-http-converter-4.0.3-sources.jar
2026.05.21 01:19:01 WARN  unexpected dependency with absolute path: /Users/teodora/Library/Caches/ScalaCli/bloop/C:\Users\Alexandra Rus\.m2\repository\org\springframework\boot\spring-boot-starter-tomcat\4.0.3\spring-boot-starter-tomcat-4.0.3-sources.jar
2026.05.21 01:19:01 WARN  unexpected dependency with absolute path: /Users/teodora/Library/Caches/ScalaCli/bloop/C:\Users\Alexandra Rus\.m2\repository\org\assertj\assertj-core\3.27.7\assertj-core-3.27.7-sources.jar
2026.05.21 01:19:01 WARN  unexpected dependency with absolute path: /Users/teodora/Library/Caches/ScalaCli/bloop/C:\Users\Alexandra Rus\.m2\repository\com\sun\istack\istack-commons-runtime\4.1.2\istack-commons-runtime-4.1.2-sources.jar
2026.05.21 01:19:01 WARN  unexpected dependency with absolute path: /Users/teodora/Library/Caches/ScalaCli/bloop/C:\Users\Alexandra Rus\.m2\repository\org\aspectj\aspectjweaver\1.9.25.1\aspectjweaver-1.9.25.1-sources.jar
2026.05.21 01:19:01 WARN  unexpected dependency with absolute path: /Users/teodora/Library/Caches/ScalaCli/bloop/C:\Users\Alexandra Rus\.m2\repository\org\antlr\antlr4-runtime\4.13.2\antlr4-runtime-4.13.2-sources.jar
2026.05.21 01:19:01 WARN  unexpected dependency with absolute path: /Users/teodora/Library/Caches/ScalaCli/bloop/C:\Users\Alexandra Rus\.m2\repository\org\hibernate\orm\hibernate-core\7.2.4.Final\hibernate-core-7.2.4.Final-sources.jar
2026.05.21 01:19:01 WARN  unexpected dependency with absolute path: /Users/teodora/Library/Caches/ScalaCli/bloop/C:\Users\Alexandra Rus\.m2\repository\ch\qos\logback\logback-core\1.5.32\logback-core-1.5.32-sources.jar
2026.05.21 01:19:01 WARN  unexpected dependency with absolute path: /Users/teodora/Library/Caches/ScalaCli/bloop/C:\Users\Alexandra Rus\.m2\repository\org\awaitility\awaitility\4.3.0\awaitility-4.3.0-sources.jar
2026.05.21 01:19:01 WARN  unexpected dependency with absolute path: /Users/teodora/Library/Caches/ScalaCli/bloop/C:\Users\Alexandra Rus\.m2\repository\org\springframework\boot\spring-boot-validation\4.0.3\spring-boot-validation-4.0.3-sources.jar
2026.05.21 01:19:01 WARN  unexpected dependency with absolute path: /Users/teodora/Library/Caches/ScalaCli/bloop/C:\Users\Alexandra Rus\.m2\repository\org\thymeleaf\thymeleaf\3.1.3.RELEASE\thymeleaf-3.1.3.RELEASE-sources.jar
2026.05.21 01:19:01 WARN  unexpected dependency with absolute path: /Users/teodora/Library/Caches/ScalaCli/bloop/C:\Users\Alexandra Rus\.m2\repository\org\objenesis\objenesis\3.3\objenesis-3.3-sources.jar
2026.05.21 01:19:01 WARN  unexpected dependency with absolute path: /Users/teodora/Library/Caches/ScalaCli/bloop/C:\Users\Alexandra Rus\.m2\repository\org\springframework\security\spring-security-config\7.0.3\spring-security-config-7.0.3-sources.jar
2026.05.21 01:19:01 WARN  unexpected dependency with absolute path: /Users/teodora/Library/Caches/ScalaCli/bloop/C:\Users\Alexandra Rus\.m2\repository\org\thymeleaf\thymeleaf-spring6\3.1.3.RELEASE\thymeleaf-spring6-3.1.3.RELEASE-sources.jar
2026.05.21 01:19:01 WARN  unexpected dependency with absolute path: /Users/teodora/Library/Caches/ScalaCli/bloop/C:\Users\Alexandra Rus\.m2\repository\org\springframework\boot\spring-boot-jpa\4.0.3\spring-boot-jpa-4.0.3-sources.jar
2026.05.21 01:19:01 WARN  unexpected dependency with absolute path: /Users/teodora/Library/Caches/ScalaCli/bloop/C:\Users\Alexandra Rus\.m2\repository\org\springframework\boot\spring-boot-servlet\4.0.3\spring-boot-servlet-4.0.3-sources.jar
2026.05.21 01:19:01 INFO  time: indexed workspace in 1.09s
2026.05.21 01:19:01 WARN  no build target for: /Users/teodora/WP2-project/src/main/java/com/wp/skillswap/SkillswapApplication.java
2026.05.21 01:19:01 INFO  no build target found for /Users/teodora/WP2-project/src/main/java/com/wp/skillswap/SkillswapApplication.java. Using fallback presentation compiler.
2026.05.21 01:19:01 WARN  no build target for: /Users/teodora/WP2-project/src/main/java/com/wp/skillswap/SkillswapApplication.java
2026.05.21 01:19:01 INFO  no build target found for /Users/teodora/WP2-project/src/main/java/com/wp/skillswap/SkillswapApplication.java. Using fallback presentation compiler.
2026.05.21 01:19:10 WARN  no build target for: /Users/teodora/WP2-project/src/main/java/com/wp/skillswap/SkillswapApplication.java
2026.05.21 01:19:10 INFO  no build target found for /Users/teodora/WP2-project/src/main/java/com/wp/skillswap/SkillswapApplication.java. Using fallback presentation compiler.
2026.05.21 01:44:07 INFO  no build target found for /Users/teodora/WP2-project/src/main/java/com/wp/skillswap/controller/OfferController.java. Using fallback presentation compiler.
2026.05.21 01:44:07 WARN  no build target for: /Users/teodora/WP2-project/src/main/java/com/wp/skillswap/controller/OfferController.java
2026.05.21 01:44:07 INFO  no build target found for /Users/teodora/WP2-project/src/main/java/com/wp/skillswap/controller/OfferController.java. Using fallback presentation compiler.
May 21, 2026 1:44:07 AM org.eclipse.lsp4j.jsonrpc.RemoteEndpoint handleCancellation
WARNING: Unmatched cancel notification for request id 15
2026.05.21 01:44:07 INFO  no build target found for /Users/teodora/WP2-project/src/main/java/com/wp/skillswap/controller/OfferController.java. Using fallback presentation compiler.
May 21, 2026 1:44:07 AM org.eclipse.lsp4j.jsonrpc.RemoteEndpoint handleCancellation
WARNING: Unmatched cancel notification for request id 16
2026.05.21 01:44:07 INFO  no build target found for /Users/teodora/WP2-project/src/main/java/com/wp/skillswap/controller/OfferController.java. Using fallback presentation compiler.
2026.05.21 01:44:07 INFO  no build target found for /Users/teodora/WP2-project/src/main/java/com/wp/skillswap/controller/OfferController.java. Using fallback presentation compiler.
2026.05.21 01:44:15 INFO  no build target found for /Users/teodora/WP2-project/src/main/java/com/wp/skillswap/controller/OfferController.java. Using fallback presentation compiler.
2026.05.21 01:44:15 INFO  no build target found for /Users/teodora/WP2-project/src/main/java/com/wp/skillswap/controller/OfferController.java. Using fallback presentation compiler.
2026.05.21 01:44:19 INFO  no build target found for /Users/teodora/WP2-project/src/main/java/com/wp/skillswap/controller/OfferController.java. Using fallback presentation compiler.
2026.05.21 01:44:19 INFO  no build target found for /Users/teodora/WP2-project/src/main/java/com/wp/skillswap/controller/OfferController.java. Using fallback presentation compiler.
2026.05.21 01:44:41 INFO  no build target found for /Users/teodora/WP2-project/src/main/java/com/wp/skillswap/controller/OfferController.java. Using fallback presentation compiler.
2026.05.21 01:44:41 INFO  no build target found for /Users/teodora/WP2-project/src/main/java/com/wp/skillswap/controller/OfferController.java. Using fallback presentation compiler.
2026.05.21 01:44:44 INFO  no build target found for /Users/teodora/WP2-project/src/main/java/com/wp/skillswap/controller/OfferController.java. Using fallback presentation compiler.
2026.05.21 01:44:51 INFO  no build target found for /Users/teodora/WP2-project/src/main/java/com/wp/skillswap/controller/OfferController.java. Using fallback presentation compiler.
2026.05.21 01:44:51 INFO  no build target found for /Users/teodora/WP2-project/src/main/java/com/wp/skillswap/controller/OfferController.java. Using fallback presentation compiler.
2026.05.21 01:44:52 INFO  no build target found for /Users/teodora/WP2-project/src/main/java/com/wp/skillswap/controller/OfferController.java. Using fallback presentation compiler.
2026.05.21 01:44:53 INFO  no build target found for /Users/teodora/WP2-project/src/main/java/com/wp/skillswap/controller/OfferController.java. Using fallback presentation compiler.
2026.05.21 01:44:53 INFO  no build target found for /Users/teodora/WP2-project/src/main/java/com/wp/skillswap/controller/OfferController.java. Using fallback presentation compiler.
2026.05.21 01:44:59 INFO  no build target found for /Users/teodora/WP2-project/src/main/java/com/wp/skillswap/controller/OfferController.java. Using fallback presentation compiler.
2026.05.21 01:44:59 INFO  no build target found for /Users/teodora/WP2-project/src/main/java/com/wp/skillswap/controller/OfferController.java. Using fallback presentation compiler.
2026.05.21 01:45:00 INFO  no build target found for /Users/teodora/WP2-project/src/main/java/com/wp/skillswap/controller/OfferController.java. Using fallback presentation compiler.
2026.05.21 01:45:01 INFO  no build target found for /Users/teodora/WP2-project/src/main/java/com/wp/skillswap/controller/OfferController.java. Using fallback presentation compiler.
2026.05.21 01:45:01 INFO  no build target found for /Users/teodora/WP2-project/src/main/java/com/wp/skillswap/controller/OfferController.java. Using fallback presentation compiler.
2026.05.21 01:45:03 INFO  no build target found for /Users/teodora/WP2-project/src/main/java/com/wp/skillswap/controller/OfferController.java. Using fallback presentation compiler.
2026.05.21 01:45:03 INFO  no build target found for /Users/teodora/WP2-project/src/main/java/com/wp/skillswap/controller/OfferController.java. Using fallback presentation compiler.
2026.05.21 01:45:03 INFO  no build target found for /Users/teodora/WP2-project/src/main/java/com/wp/skillswap/controller/OfferController.java. Using fallback presentation compiler.
2026.05.21 01:45:03 INFO  no build target found for /Users/teodora/WP2-project/src/main/java/com/wp/skillswap/controller/OfferController.java. Using fallback presentation compiler.
2026.05.21 01:45:03 INFO  no build target found for /Users/teodora/WP2-project/src/main/java/com/wp/skillswap/controller/OfferController.java. Using fallback presentation compiler.
2026.05.21 01:45:04 INFO  no build target found for /Users/teodora/WP2-project/src/main/java/com/wp/skillswap/controller/OfferController.java. Using fallback presentation compiler.
2026.05.21 01:45:04 INFO  no build target found for /Users/teodora/WP2-project/src/main/java/com/wp/skillswap/controller/OfferController.java. Using fallback presentation compiler.
2026.05.21 01:45:04 INFO  no build target found for /Users/teodora/WP2-project/src/main/java/com/wp/skillswap/controller/OfferController.java. Using fallback presentation compiler.
2026.05.21 01:45:04 INFO  no build target found for /Users/teodora/WP2-project/src/main/java/com/wp/skillswap/controller/OfferController.java. Using fallback presentation compiler.
2026.05.21 01:45:05 INFO  no build target found for /Users/teodora/WP2-project/src/main/java/com/wp/skillswap/controller/OfferController.java. Using fallback presentation compiler.
2026.05.21 01:45:05 INFO  no build target found for /Users/teodora/WP2-project/src/main/java/com/wp/skillswap/controller/OfferController.java. Using fallback presentation compiler.
2026.05.21 01:45:06 INFO  no build target found for /Users/teodora/WP2-project/src/main/java/com/wp/skillswap/controller/OfferController.java. Using fallback presentation compiler.
2026.05.21 01:45:05 INFO  no build target found for /Users/teodora/WP2-project/src/main/java/com/wp/skillswap/controller/OfferController.java. Using fallback presentation compiler.
2026.05.21 01:45:05 INFO  no build target found for /Users/teodora/WP2-project/src/main/java/com/wp/skillswap/controller/OfferController.java. Using fallback presentation compiler.
2026.05.21 01:45:06 INFO  no build target found for /Users/teodora/WP2-project/src/main/java/com/wp/skillswap/controller/OfferController.java. Using fallback presentation compiler.
2026.05.21 01:45:08 WARN  no build target for: /Users/teodora/WP2-project/src/main/java/com/wp/skillswap/controller/OfferController.java
2026.05.21 01:45:08 INFO  no build target found for /Users/teodora/WP2-project/src/main/java/com/wp/skillswap/controller/OfferController.java. Using fallback presentation compiler.
2026.05.21 01:51:28 INFO  no build target found for /Users/teodora/WP2-project/src/main/java/com/wp/skillswap/controller/OfferController.java. Using fallback presentation compiler.
2026.05.21 01:51:56 INFO  no build target found for /Users/teodora/WP2-project/src/main/java/com/wp/skillswap/controller/OfferController.java. Using fallback presentation compiler.
2026.05.21 01:51:56 INFO  no build target found for /Users/teodora/WP2-project/src/main/java/com/wp/skillswap/controller/OfferController.java. Using fallback presentation compiler.
2026.05.21 01:51:56 INFO  no build target found for /Users/teodora/WP2-project/src/main/java/com/wp/skillswap/controller/OfferController.java. Using fallback presentation compiler.
2026.05.21 01:51:57 INFO  no build target found for /Users/teodora/WP2-project/src/main/java/com/wp/skillswap/controller/OfferController.java. Using fallback presentation compiler.
2026.05.21 01:51:56 INFO  no build target found for /Users/teodora/WP2-project/src/main/java/com/wp/skillswap/controller/OfferController.java. Using fallback presentation compiler.
2026.05.21 01:51:56 INFO  no build target found for /Users/teodora/WP2-project/src/main/java/com/wp/skillswap/controller/OfferController.java. Using fallback presentation compiler.
2026.05.21 01:51:57 INFO  no build target found for /Users/teodora/WP2-project/src/main/java/com/wp/skillswap/controller/OfferController.java. Using fallback presentation compiler.
2026.05.21 01:51:56 INFO  no build target found for /Users/teodora/WP2-project/src/main/java/com/wp/skillswap/controller/OfferController.java. Using fallback presentation compiler.
2026.05.21 01:51:58 INFO  no build target found for /Users/teodora/WP2-project/src/main/java/com/wp/skillswap/controller/OfferController.java. Using fallback presentation compiler.
2026.05.21 01:51:58 INFO  no build target found for /Users/teodora/WP2-project/src/main/java/com/wp/skillswap/controller/OfferController.java. Using fallback presentation compiler.
2026.05.21 01:51:58 INFO  no build target found for /Users/teodora/WP2-project/src/main/java/com/wp/skillswap/controller/OfferController.java. Using fallback presentation compiler.
2026.05.21 01:51:58 INFO  no build target found for /Users/teodora/WP2-project/src/main/java/com/wp/skillswap/controller/OfferController.java. Using fallback presentation compiler.
2026.05.21 01:51:58 INFO  no build target found for /Users/teodora/WP2-project/src/main/java/com/wp/skillswap/controller/OfferController.java. Using fallback presentation compiler.
2026.05.21 01:51:59 INFO  no build target found for /Users/teodora/WP2-project/src/main/java/com/wp/skillswap/controller/OfferController.java. Using fallback presentation compiler.
2026.05.21 01:52:10 INFO  no build target found for /Users/teodora/WP2-project/src/main/java/com/wp/skillswap/controller/OfferController.java. Using fallback presentation compiler.
2026.05.21 01:52:11 INFO  no build target found for /Users/teodora/WP2-project/src/main/java/com/wp/skillswap/controller/OfferController.java. Using fallback presentation compiler.
2026.05.21 01:52:11 INFO  no build target found for /Users/teodora/WP2-project/src/main/java/com/wp/skillswap/controller/OfferController.java. Using fallback presentation compiler.
2026.05.21 01:52:13 WARN  no build target for: /Users/teodora/WP2-project/src/main/java/com/wp/skillswap/controller/OfferController.java
2026.05.21 01:52:13 INFO  no build target found for /Users/teodora/WP2-project/src/main/java/com/wp/skillswap/controller/OfferController.java. Using fallback presentation compiler.
